x,y,z,t,curvature
-228.428399536455,11.383876304340255,0,1.0,inf
-227.39901099106442,11.091747933756785,0,1.05,573.6845696283137
-226.37154779064443,10.800065305632288,0,1.1,285.267138471906
-225.34793528016553,10.509274162425724,0,1.1500000000000001,188.43437907791747
-224.33009880459832,10.21982024659607,0,1.2000000000000002,139.50504316880367
-223.31996370891335,9.932149300602294,0,1.2500000000000002,109.74520287594508
-222.3194553380812,9.646707066903364,0,1.3000000000000003,89.5788170768632
-221.3304990370724,9.36393928795825,0,1.3500000000000003,74.90352658996433
-220.3550201508575,9.084291706225919,0,1.4000000000000004,63.66960297720025
-219.39494402440712,8.808210064165342,0,1.4500000000000004,54.739598149392556
-218.4521960026918,8.536140104235491,0,1.5000000000000004,47.432204213494956
-217.52870143068208,8.268527568895331,0,1.5500000000000005,41.31491704564935
-216.6263856533485,8.005818200603834,0,1.6000000000000005,36.100368085197246
-215.74717401566167,7.748457741819966,0,1.6500000000000006,31.590503002370777
-214.89299186259217,7.496891935002699,0,1.7000000000000006,27.64468380613895
-214.06576453911046,7.251566522611002,0,1.7500000000000007,24.160550124681127
-213.26741739018718,7.012927247103844,0,1.8000000000000007,21.06205752684347
-212.4998757607929,6.7814198509401935,0,1.8500000000000008,18.291737641585247
-211.76506499589814,6.557490076579021,0,1.9000000000000008,15.80553827864928
-211.06491044047345,6.341583666479296,0,1.9500000000000008,13.56929304434032
-210.40133743948945,6.134146363099985,0,2.000000000000001,11.556250161610434
-209.7756437169857,5.935861479093899,0,2.0500000000000007,39.69848566395829
-209.18661651327812,5.748362607889199,0,2.100000000000001,20.69692150431726
-208.63241544775164,5.573520913107885,0,2.1500000000000012,7.316203880547253
-208.11120013979112,5.413207558371961,0,2.200000000000001,4.110214151464611
-207.62113020878158,5.269293707303426,0,2.250000000000001,2.6859685672748665
-207.1603652741079,5.14365052352428,0,2.300000000000001,1.8919748413069248
-206.72706495515502,5.038149170656526,0,2.3500000000000014,1.3944445783955148
-206.31938887130786,4.954660812322164,0,2.4000000000000012,1.0612656007234864
-205.93549664195143,4.895056612143194,0,2.450000000000001,0.8300042986428254
-205.57354788647055,4.861207733741619,0,2.5000000000000013,0.6676443324252092
-205.23170222425026,4.854985340739439,0,2.5500000000000016,0.5554651739129373
-204.90811927467539,4.878260596758656,0,2.6000000000000014,0.4825813066099657
-204.6009586571309,4.932904665421269,0,2.6500000000000012,0.4430196362723086
-204.30837999100177,5.02078871034928,0,2.7000000000000015,0.4344666819859456
-204.02854289567287,5.143783895164692,0,2.7500000000000018,0.457890202075575
-203.75960699052916,5.303761383489502,0,2.8000000000000016,0.5176181501811078
-203.49973189495563,5.502592338945712,0,2.8500000000000014,0.6216165164639891
-203.2470772283371,5.742147925155328,0,2.9000000000000017,0.7818263708966543
-202.99980261005857,6.024299305740346,0,2.950000000000002,1.014542450911554
-202.75606765950496,6.350917644322765,0,3.0000000000000018,1.3409258925126526
-202.5139460054932,6.722609293556913,0,3.0500000000000016,2.1209507641262912
-202.2711673145686,7.134921362226421,0,3.100000000000002,3.4459423780999328
-202.02537526270828,7.5821361481472325,0,3.150000000000002,6.135023321240118
-201.77421352588948,8.058535949135296,0,3.200000000000002,14.985125186120763
-201.51532578008943,8.558403063006564,0,3.2500000000000018,77.70767819563736
-201.24635570128535,9.076019787576989,0,3.300000000000002,11.740123473291634
-200.9649469654545,9.605668420662523,0,3.3500000000000023,6.371799575747525
-200.66874324857406,10.141631260079103,0,3.400000000000002,4.281130865065724
-200.35538822662133,10.678190603642689,0,3.450000000000002,3.1254496598480417
-200.02252557557344,11.209628749169235,0,3.500000000000002,2.376831979494543
-199.66779897140768,11.730227994474687,0,3.5500000000000025,1.8501448676085779
-199.28885209010127,12.23427063737499,0,3.6000000000000023,1.4630104292479216
-198.88332860763143,12.716038975686097,0,3.650000000000002,1.1723406659285145
-198.44887219997537,13.169815307223958,0,3.7000000000000024,0.9526549181736403
-197.98312654311036,13.589881929804529,0,3.7500000000000027,0.7873888018076176
-197.48373531301357,13.97052114124375,0,3.8000000000000025,0.6650161848746483
-196.94834218566226,14.306015239357578,0,3.8500000000000023,0.5771819475806848
-196.37459083703365,14.590646521961961,0,3.9000000000000026,0.5177462302827818
-195.76012494310496,14.818697286872851,0,3.950000000000003,0.4822603492613105
-195.10258817985346,14.984449831906192,0,4.000000000000003,0.46764553221344196
-194.40032241074744,15.084228940808964,0,4.0500000000000025,0.559685510574507
-193.65446224921985,15.12252934105224,0,4.100000000000003,0.6915514324824312
-192.86684049619464,15.10588824603812,0,4.150000000000003,0.8753795280541355
-192.03928995259588,15.040842869168698,0,4.200000000000003,1.133537690361592
-191.17364341934757,14.933930423846077,0,4.250000000000003,1.509535092253279
-190.27173369737375,14.791688123472351,0,4.3000000000000025,2.098029712007752
-189.33539358759836,14.620653181449619,0,4.350000000000003,3.1472356014709395
-188.36645589094553,14.427362811179984,0,4.400000000000003,5.572731739878279
-187.3667534083392,14.218354226065541,0,4.450000000000003,17.712424521848973
-186.33811894070342,14.00016463950838,0,4.5000000000000036,18.010517928023795
-185.2823852889622,13.779331264910613,0,4.550000000000003,6.252873102294777
-184.20138525403954,13.562391315674335,0,4.600000000000003,3.854279378701472
-183.09695163685947,13.35588200520164,0,4.650000000000003,2.8075899992572446
-181.970917238346,13.166340546894627,0,4.700000000000003,2.214220559059362
-180.8251148594232,13.000304154155396,0,4.7500000000000036,1.8288606409812873
-179.66137730101502,12.864310040386044,0,4.800000000000003,1.5573852715513712
-178.4815373640455,12.764895418988669,0,4.850000000000003,1.3561198885942163
-177.28742784943867,12.70859750336537,0,4.900000000000004,1.2021697891358767
-176.0808815581185,12.701953506918246,0,4.950000000000004,1.0824868799757716
-174.8637312910091,12.751500643049395,0,5.0000000000000036,0.98919241811393
-173.63764406747424,12.861502857590391,0,5.050000000000003,1.1454739006872408
-172.40362378063716,13.02713102609072,0,5.100000000000003,1.3517426386685716
-171.16250854206086,13.24128275652935,0,5.150000000000004,1.630631713979116
-169.9151364633084,13.496855656885234,0,5.200000000000004,2.0242220980970473
-168.66234565594277,13.786747335137342,0,5.2500000000000036,2.619803792550939
-167.40497423152706,14.103855399264642,0,5.300000000000004,3.631347885109554
-166.14386030162427,14.441077457246084,0,5.350000000000004,5.756263483197178
-164.87984197779747,14.791311117060642,0,5.400000000000004,13.29116915359023
-163.61375737160967,15.147453986687275,0,5.450000000000004,46.14824045824464
-162.34644459462382,15.502403674104947,0,5.5000000000000036,8.430871511720017
-161.07874175840305,15.849057787292624,0,5.550000000000004,4.604599924281159
-159.8114869745104,16.180313934229268,0,5.600000000000004,3.136188981509329
-158.54551835450886,16.48906972289384,0,5.650000000000004,2.3528988940677937
-157.28167400996148,16.768222761265307,0,5.700000000000005,1.8632673365186472
-156.02079205243126,17.010670657322628,0,5.750000000000004,1.527809799190331
-154.76371059348128,17.209311019044765,0,5.800000000000004,1.2846012983174726
-153.51126774467454,17.357041454410687,0,5.850000000000004,1.1021116918795435
-152.2643016175741,17.446759571399355,0,5.900000000000004,0.9627304577975792
-151.02365032374294,17.471362977989735,0,5.950000000000005,0.8559759743164924
-149.79015197474416,17.423749282160784,0,6.000000000000004,0.7753571646476776
-148.5641402734026,17.299499659836847,0,6.050000000000004,0.8825079156074875
-147.3439312875904,17.104929558723768,0,6.100000000000005,1.0338774172153207
-146.12733667644173,16.84903799447278,0,6.150000000000005,1.2497119186989576
-144.91216809909045,16.5408239827351,0,6.200000000000005,1.5692961980454478
-143.69623721467073,16.18928653916195,0,6.250000000000004,2.0788671330319715
-142.47735568231653,15.803424679404564,0,6.300000000000004,3.00915088534916
-141.25333516116186,15.392237419114146,0,6.350000000000005,5.24846757865079
-140.02198731034088,14.964723773941941,0,6.400000000000005,18.392933329573115
-138.7811237889875,14.529882759539166,0,6.450000000000005,12.856855553603964
-137.52855625623576,14.096713391557035,0,6.500000000000005,4.819059203532167
-136.26209637121974,13.674214685646788,0,6.550000000000005,2.9749188234014494
-134.97955579307344,13.27138565745964,0,6.600000000000005,2.152850588172721
-133.67874618093091,12.89722532264682,0,6.650000000000005,1.687273556313334
-132.35747919392617,12.560732696859546,0,6.700000000000005,1.3892464091325496
-131.01356649119327,12.270906795749038,0,6.750000000000005,1.1848675731515375
-129.64481973186622,12.036746634966537,0,6.800000000000005,1.0394778328806535
-128.24905057507905,11.867251230163248,0,6.850000000000005,0.9348129168870976
-126.82407067996583,11.771419596990405,0,6.900000000000006,0.8604673328671534
-125.36769170566055,11.758250751099231,0,6.9500000000000055,0.8102135708174933
-123.87772531129725,11.836743708140949,0,7.000000000000005,0.7802447252303989
-122.35355056238883,12.012451148447074,0,7.050000000000005,0.935636256878009
-120.80081614996355,12.27714041107031,0,7.100000000000005,1.1312859088218568
-119.22673817142851,12.619132499743651,0,7.150000000000006,1.380328082275419
-117.63853272419088,13.026748418200087,0,7.2000000000000055,1.7056872355006092
-116.04341590565778,13.488309170172613,0,7.250000000000005,2.150583466948112
-114.44860381323628,13.992135759394236,0,7.300000000000006,2.8061636680247446
-112.86131254433354,14.526549189597933,0,7.350000000000006,3.9008197921920056
-111.28875819635671,15.079870464516702,0,7.400000000000006,6.206930665030436
-109.73815686671288,15.640420587883547,0,7.4500000000000055,14.993029741866048
-108.21672465280919,16.196520563431456,0,7.500000000000005,32.108636643480736
-106.73167765205272,16.73649139489343,0,7.550000000000006,7.276539735934391
-105.29023196185065,17.248654086002457,0,7.600000000000006,3.8684693790237756
-103.89960367961008,17.721329640491533,0,7.650000000000006,2.481969047229065
-102.56700890273812,18.142839062093657,0,7.700000000000006,1.7161953612888823
-101.2996637286419,18.50150335454181,0,7.750000000000006,1.2265833580865142
-100.10478425472859,18.785643521569003,0,7.800000000000006,0.8880744347304197
-98.98958657840525,18.983580566908223,0,7.850000000000006,0.6449886272404275
-97.96128679707901,19.083635494292466,0,7.900000000000006,0.4692854184518654
-97.027101008157,19.074129307454726,0,7.950000000000006,0.34584410968135043
-96.19424530904638,18.943383010128,0,8.000000000000007,0.26679173047822424
-95.46706747024051,18.683865690620014,0,8.050000000000006,0.27559156599981427
-94.83844195457772,18.304638775537367,0,8.100000000000007,0.32785226790351685
-94.2983748979827,17.81891177606144,0,8.150000000000006,0.4425023239100569
-93.83687243637999,17.239894203373535,0,8.200000000000006,0.6543094364239099
-93.4439407056943,16.580795568655013,0,8.250000000000007,1.0231822285581589
-93.1095858418502,15.854825383087245,0,8.300000000000006,1.6522434006909679
-92.82381398077234,15.075193157851528,0,8.350000000000007,2.7308903491071583
-92.57663125838535,14.255108404129258,0,8.400000000000006,4.671021415413415
-92.35804381061381,13.40778063310172,0,8.450000000000006,8.748030110871921
-92.1580577733824,12.546419355950292,0,8.500000000000007,23.554094750159436
-91.96667928261571,11.684234083856314,0,8.550000000000008,50.27647474859505
-91.77391447423838,10.83443432800116,0,8.600000000000007,11.155081705378874
-91.56976948417504,10.010229599566143,0,8.650000000000006,5.344684666247291
-91.3442504483503,9.224829409732582,0,8.700000000000006,2.9223207395230055
-91.08736350268877,8.491443269681847,0,8.750000000000007,1.6580867278399034
-90.78911478311512,7.823280690595288,0,8.800000000000008,0.9571597564708497
-90.43951042555398,7.233551183654264,0,8.850000000000007,0.5682053773350616
-90.02855656592988,6.7354642600400805,0,8.900000000000007,0.359703791507109
-89.54625934016755,6.342229430934115,0,8.950000000000006,0.25763343804177635
-88.98262488419155,6.067056207517686,0,9.000000000000007,0.22121973328998848
-88.33025539101824,5.919009952113585,0,9.050000000000008,0.27343919222449914
-87.59213728203078,5.890579431610341,0,9.100000000000007,0.371242767483469
-86.77385303570394,5.970109264037915,0,9.150000000000007,0.5211292089899138
-85.88098513051264,6.145944067426267,0,9.200000000000006,0.7377951856612445
-84.91911604493168,6.406428459805374,0,9.250000000000007,1.0497280377699043
-83.89382825743589,6.739907059205199,0,9.300000000000008,1.5159071097658272
-82.81070424650018,7.13472448365569,0,9.350000000000007,2.2768459968379586
-81.67532649059932,7.579225351186838,0,9.400000000000007,3.7597050197432806
-80.49327746820816,8.061754279828596,0,9.450000000000008,8.12708175749246
-79.27013965780162,8.570655887610913,0,9.500000000000007,796.1575064276176
-78.01149553785446,9.094274792563787,0,9.550000000000008,8.671043854183768
-76.72292758684151,9.620955612717166,0,9.600000000000009,4.432440023614905
-75.41001828323772,10.139042966100998,0,9.650000000000007,2.96358273001401
-74.0783501055178,10.63688147074528,0,9.700000000000008,2.1952547737549826
-72.7335055321567,11.102815744679951,0,9.750000000000007,1.7112006018541237
-71.38106704162917,11.525190405935001,0,9.800000000000008,1.3729814770100919
-70.02661711241011,11.892350072540378,0,9.850000000000009,1.1217383807858285
-68.6757382229744,12.192639362526043,0,9.900000000000007,0.928442027175638
-67.33401285179679,12.414402893921977,0,9.950000000000008,0.777285443925718
-66.0070234773522,12.545985284758133,0,10.000000000000007,0.6590585954170604
-64.69960217084876,12.57927678341623,0,10.050000000000008,0.7014913921650487
-63.41357937442818,12.520350159684943,0,10.100000000000009,0.7625935448048747
-62.150035122965505,12.378823813704706,0,10.150000000000007,0.8451915259223257
-60.91004945133568,12.164316145615935,0,10.200000000000008,0.9538382892348282
-59.69470239441378,11.886445555559055,0,10.250000000000009,1.0959301275964315
-58.505073987074844,11.554830443674511,0,10.300000000000008,1.2839754246469968
-57.34224426419384,11.179089210102699,0,10.350000000000009,1.5405701055726448
-56.20729326064579,10.768840254984058,0,10.40000000000001,1.9106321360292815
-55.1013010113058,10.333701978459029,0,10.450000000000008,2.497017921407048
-54.02534755104878,9.883292780668006,0,10.500000000000009,3.5957027664372743
-52.980512914749845,9.427231061751447,0,10.550000000000008,6.5377542949084795
-51.96787713728394,8.975135221849744,0,10.600000000000009,48.74399646715359
-50.98852025352611,8.536623661103338,0,10.65000000000001,7.985782097359648
-50.04352229835143,8.121314779652671,0,10.700000000000008,3.4211944852457026
-49.13396330663484,7.738826977638134,0,10.750000000000009,2.034430816098199
-48.26092331325143,7.398778655200185,0,10.800000000000008,1.3560067605281223
-47.425482353076156,7.110788212479225,0,10.850000000000009,0.9535081861002025
-46.62872046098407,6.884474049615687,0,10.90000000000001,0.6911368574986662
-45.871717671850234,6.729454566750006,0,10.950000000000008,0.5132044988428074
-45.15555402054961,6.655348164022591,0,11.000000000000009,0.393130542803137
-44.480691429754536,6.6687574918156445,0,11.05000000000001,0.3875210566730839
-43.84511937332661,6.764222201478412,0,11.100000000000009,0.4052533319042469
-43.24620921292464,6.933266194601922,0,11.15000000000001,0.4487529032427936
-42.681332310207516,7.167413372777196,0,11.20000000000001,0.5225823201269161
-42.14786002683411,7.458187637595239,0,11.250000000000009,0.6342230320789926
-41.643163724463264,7.797112890647099,0,11.30000000000001,0.7957713105572102
-41.16461476475386,8.17571303352377,0,11.350000000000009,1.02799781376636
-40.709584509364724,8.5855119678163,0,11.40000000000001,1.3709505948051333
-40.275444319954744,9.0180335951157,0,11.45000000000001,1.9159900446486708
-39.85956555818281,9.464801817012972,0,11.500000000000009,2.9311977600171244
-39.45931958570773,9.917340535099171,0,11.55000000000001,5.684160134643268
-39.07207776418841,10.367173650965286,0,11.600000000000009,74.17019238498345
-38.69521145528368,10.80582506620237,0,11.65000000000001,6.199458143956032
-38.32609202065243,11.22481868240143,0,11.70000000000001,2.7182160684316976
-37.96209082195351,11.615678401153474,0,11.750000000000009,1.5796197757361132
-37.60057922084577,11.969928124049543,0,11.80000000000001,1.0055918389174783
-37.2389285789881,12.279091752680657,0,11.85000000000001,0.666191563779127
-36.87451025803935,12.534693188637815,0,11.90000000000001,0.45464169484439965
-36.50469561965837,12.728256333512073,0,11.95000000000001,0.3248425525508744
-36.12685602550404,12.851305088894428,0,12.00000000000001,0.25282094910345815
-35.73898992081241,12.897765066626189,0,12.05000000000001,0.2682571370845893
-35.3416040851283,12.871168719549791,0,12.10000000000001,0.31574289155901747
-34.93583238157373,12.777450210757946,0,12.15000000000001,0.39716362978294906
-34.52280867327072,12.622543703343363,0,12.20000000000001,0.5169249903195068
-34.10366682334126,12.412383360398747,0,12.25000000000001,0.6815361685545875
-33.679540694907395,12.152903345016828,0,12.30000000000001,0.9001409964402951
-33.25156415109112,11.850037820290291,0,12.35000000000001,1.1862712026825546
-32.82087105501447,11.50972094931188,0,12.40000000000001,1.5616835348563205
-32.388595269799445,11.137886895174269,0,12.45000000000001,2.0647192746630916
-31.95587065856806,10.74046982097019,0,12.50000000000001,2.7703834490635706
-31.52383108444235,10.32340388979237,0,12.55000000000001,3.846995181160594
-31.093610410544297,9.892623264733484,0,12.60000000000001,5.761263652279418
-30.666342499995935,9.454062108886266,0,12.650000000000011,10.438698693103905
-30.243161215919297,9.013654585343437,0,12.70000000000001,46.63479346336065
-29.825200421436364,8.577334857197677,0,12.75000000000001,18.363295947472547
-29.41359397966917,8.15103708754172,0,12.800000000000011,7.280317125413493
-29.009475753739736,7.740695439468286,0,12.85000000000001,4.272357327787082
-28.613979606770062,7.3522440760700585,0,12.900000000000011,2.825015655818263
-28.228239401882178,6.991617160439776,0,12.95000000000001,1.9565551697273664
-27.853389002198085,6.664748855670126,0,13.00000000000001,1.3749528767098058
-27.489817805855765,6.376457200591493,0,13.050000000000011,1.079097444932914
-27.134937351057065,6.127095736984907,0,13.10000000000001,0.865951379187104
-26.785414711019754,5.915901882369032,0,13.150000000000011,0.7153051785705854
-26.43791695896165,5.74211305426257,0,13.20000000000001,0.6134882992990078
-26.089111168100533,5.60496667018419,0,13.25000000000001,0.5512569325151611
-25.735664411654206,5.503700147652584,0,13.300000000000011,0.5227005663825478
-25.374243762840468,5.437550904186437,0,13.35000000000001,0.524693144190138
-25.0015162948771,5.405756357304426,0,13.400000000000011,0.5566476201519394
-24.614149080981903,5.407553924525241,0,13.450000000000012,0.620489958581234
-24.20880919437269,5.442181023367563,0,13.50000000000001,0.7208957963926849
-23.782163708267223,5.508875071350076,0,13.550000000000011,0.8659485650016989
-23.330879695883322,5.606873485991466,0,13.600000000000012,1.0685260409348691
-22.851624230438787,5.73541368481041,0,13.650000000000011,1.3490150510040944
-22.341064385151384,5.893733085325601,0,13.700000000000012,1.740655883021393
-21.795867233238944,6.081069105055711,0,13.75000000000001,2.3006572032972277
-21.21269984791923,6.296659161519439,0,13.800000000000011,3.1356053213433794
-20.588229302410042,6.53974067223546,0,13.850000000000012,4.46818795768028
-19.919122669929212,6.809551054722449,0,13.900000000000011,6.852510368819671
-19.202047023694483,7.10532772649911,0,13.950000000000012,12.151731154520455
-18.433669436923704,7.426308105084104,0,14.00000000000001,32.95910678034646
-17.612082643727614,7.771319152394962,0,14.050000000000011,122.40891169212426
-16.741082021789012,8.137546007944469,0,14.100000000000012,97.52854258159115
-15.825888609683721,8.521763355644236,0,14.150000000000011,37.983873347073995
-14.871723445987454,8.920745879405914,0,14.200000000000012,24.3882375422912
-13.883807569276017,9.331268263141109,0,14.250000000000012,18.189721442421725
-12.867362018125233,9.75010519076143,0,14.300000000000011,14.536962765673447
-11.827607831110805,10.174031346178527,0,14.350000000000012,12.061067955157984
-10.769766046808547,10.599821413304014,0,14.400000000000013,10.227620837702514
-9.69905770379428,11.02425007604949,0,14.450000000000012,8.785782930192783
-8.620703840643701,11.444092018326614,0,14.500000000000012,7.602826221081707
-7.539925495932673,11.85612192404698,0,14.550000000000011,6.602354963919927
-6.461943708236895,12.257114477122231,0,14.600000000000012,5.737586823986456
-5.3919795161321815,12.643844361463982,0,14.650000000000013,4.97849178360322
-4.335253958194354,13.013086260983842,0,14.700000000000012,4.305074138938253
-3.2969880729991163,13.361614859593455,0,14.750000000000012,3.7036290325804795
-2.282402899122319,13.686204841204425,0,14.800000000000011,3.1645440760057864
-1.2967194751396685,13.983630889728397,0,14.850000000000012,2.680950827334068
-0.3451588396269818,14.250667689076973,0,14.900000000000013,2.2478664366503245
0.5670579688399284,14.484089923161779,0,14.950000000000012,1.8616294969966345
1.434709911685351,14.68067227589445,0,15.000000000000012,1.5195186131029887
2.253834869128927,14.83827334984751,0,15.050000000000013,1.4583446873385912
3.0255063965721307,14.959087422237138,0,15.100000000000012,1.4123061114925297
3.7520569682119707,15.046392688940438,0,15.150000000000013,1.38271791379208
4.435819058245374,15.1034673458345,0,15.200000000000014,1.371666352429288
5.07912514086927,15.133589588796413,0,15.250000000000012,1.3824845009134406
5.684307690280662,15.140037613703278,0,15.300000000000013,1.420623112035184
6.253699180676459,15.126089616432182,0,15.350000000000012,1.4953641437689142
6.789632086253655,15.095023792860225,0,15.400000000000013,1.6235129265816366
7.294438881209183,15.050118338864493,0,15.450000000000014,1.8383671753999704
7.770452039739984,14.994651450322085,0,15.500000000000012,2.2154938980268226
8.22000403604304,14.931901323110093,0,15.550000000000013,2.968675589989893
8.645427344315282,14.865146153105615,0,15.600000000000012,5.0235685036704085
9.049054438753684,14.797664136185734,0,15.650000000000013,27.359855138930776
9.433217793555192,14.73273346822755,0,15.700000000000014,6.575074887639782
9.800249882916743,14.673632345108162,0,15.750000000000012,2.7199550737751435
10.15248318103532,14.623638962704653,0,15.800000000000013,1.6418085761380696
10.492250162107865,14.586031516894124,0,15.850000000000014,1.14766015735011
10.821883300331313,14.564088203553665,0,15.900000000000013,0.8752620219293901
11.143715069902651,14.561087218560372,0,15.950000000000014,0.7135873117779694
11.460077945018819,14.580306757791336,0,16.000000000000014,0.6181738838346834
11.773424645439162,14.62385136636364,0,16.05000000000001,0.7527414941948506
12.086688873172788,14.689130986354343,0,16.100000000000016,0.988787822598333
12.40292457579106,14.772381909080472,0,16.150000000000013,1.43532589441619
12.725185700865504,14.869840425859081,0,16.200000000000014,2.4874595938987167
13.056526195967553,14.97774282800721,0,16.250000000000014,7.432982409262986
13.400000008668636,15.092325406841889,0,16.30000000000001,9.59760993112562
13.758661086540284,15.209824453680186,0,16.350000000000016,3.1770067685492194
14.13556337715385,15.32647625983911,0,16.400000000000013,2.008740168125279
14.533760828080865,15.438517116635728,0,16.450000000000014,1.5306990394161695
14.956307386892766,15.542183315387073,0,16.500000000000014,1.2813422237601746
15.406257001160965,15.63371114741018,0,16.55000000000001,1.138457466873032
15.886663618457025,15.709336904022114,0,16.600000000000016,1.05609063014731
16.400581186352262,15.765296876539889,0,16.650000000000013,1.0133381776821786
16.951063652418235,15.79782735628056,0,16.700000000000014,0.9995157760104598
17.541164964226365,15.80316463456117,0,16.750000000000014,1.0087538409901036
18.17393906934811,15.777545002698758,0,16.800000000000015,1.0376995445579025
18.852439915354925,15.717204752010371,0,16.850000000000016,1.0844219051774922
19.579721449818205,15.618380173813048,0,16.900000000000013,1.1478412744935178
20.358837620309515,15.477307559423824,0,16.950000000000014,1.227409591343994
21.192842374400268,15.290223200159748,0,17.000000000000014,1.3229201540775664
22.083652836775745,15.054988960188489,0,17.050000000000015,1.8021885212055424
23.028638840576587,14.775968995080229,0,17.100000000000016,2.4962707688610837
24.024033396057217,14.459153033255802,0,17.150000000000013,3.5906555512420266
25.066069513472247,14.110530803135976,0,17.200000000000014,5.5962871908973755
26.1509802030761,13.736092033141583,0,17.250000000000014,10.603368884704153
27.274998475123247,13.341826451693429,0,17.300000000000015,48.80477388598401
28.434357339868185,12.93372378721233,0,17.350000000000016,21.579462462896675
29.6252898075653,12.51777376811912,0,17.400000000000013,9.182891603234415
30.844028888469246,12.099966122834553,0,17.450000000000014,5.905225965894749
32.086807592834425,11.686290579779472,0,17.500000000000014,4.357945493849637
33.349858930915325,11.28273686737468,0,17.550000000000015,3.4383401437403087
34.62941591296641,10.895294714040993,0,17.600000000000016,2.8178074937899473
35.921711549242175,10.529953848199222,0,17.650000000000016,2.364310886239151
37.22297884999702,10.192703998270195,0,17.700000000000014,2.0147375072844667
38.52945082548559,9.889534892674677,0,17.750000000000014,1.7352641637162969
39.837360485962286,9.626436259833506,0,17.800000000000015,1.5062358963095708
41.1429408416816,9.409397828167489,0,17.850000000000016,1.315525631749076
42.44242490289799,9.244409326097436,0,17.900000000000016,1.1553035227147415
43.73204567986588,9.137460482044162,0,17.950000000000014,1.0203395855044703
45.00803618283991,9.094541024428468,0,18.000000000000014,0.9070601583452654
46.267592824494784,9.119460077661794,0,18.050000000000015,0.9865217103525652
47.511765627186534,9.207304350118113,0,18.100000000000016,1.0979651077383767
48.74256801569146,9.350979946162019,0,18.150000000000016,1.2523483249481406
49.96201341478592,9.543392970158108,0,18.200000000000017,1.4686641655539583
51.17211524924613,9.777449526470958,0,18.250000000000014,1.7823051431167347
52.37488694384859,10.046055719465201,0,18.300000000000015,2.2667491036532623
53.57234192336953,10.34211765350542,0,18.350000000000016,3.1021010106356144
54.7664936125853,10.658541432956213,0,18.400000000000016,4.874809632157278
55.95935543627221,10.988233162182173,0,18.450000000000017,11.185195138543852
57.15294081920649,11.324098945547878,0,18.500000000000014,39.611474255320985
58.34926318616466,11.65904488741797,0,18.550000000000015,7.175815862257552
59.55033596192294,11.985977092157023,0,18.600000000000016,3.945904042030186
60.75817257125766,12.297801664129636,0,18.650000000000016,2.7194360861886766
61.97478643894515,12.587424707700404,0,18.700000000000017,2.07422751593865
63.202190989761654,12.84775232723391,0,18.750000000000014,1.678221106456674
64.44239964848364,13.071690627094782,0,18.800000000000015,1.4132612208435087
65.69742583988737,13.252145711647602,0,18.850000000000016,1.226960801086923
66.96928298874919,13.382023685256968,0,18.900000000000016,1.0926937568956683
68.25998451984537,13.454230652287471,0,18.950000000000017,0.9956328152670675
69.5715438579522,13.461672717103722,0,19.000000000000014,0.9269976406089153
70.90498040824338,13.399642713147388,0,19.050000000000015,1.0695457618204112
72.2573374974812,13.272980390168467,0,19.100000000000016,1.2459956503787797
73.6246644328253,13.088912226994022,0,19.150000000000016,1.4663394008911033
75.00301052143531,12.854664702451123,0,19.200000000000017,1.7468767249911155
76.38842507047086,12.577464295366838,0,19.250000000000018,2.1157392271514324
77.77695738709143,12.264537484568262,0,19.300000000000015,2.625474128853381
79.16465677845689,11.923110748882413,0,19.350000000000016,3.3859880039879844
80.54757255172673,11.560410567136387,0,19.400000000000016,4.670404358841075
81.92175401406055,11.183663418157252,0,19.450000000000017,7.39208189965279
83.28325047261804,10.80009578077207,0,19.500000000000018,17.605645763410006
84.62811123455865,10.416934133807944,0,19.550000000000015,42.52170636249588
85.95238560704223,10.041404956091881,0,19.600000000000016,9.248451692505657
87.25212289722832,9.680734726450984,0,19.650000000000016,5.003054963497128
88.52337241227653,9.342149923712316,0,19.700000000000017,3.309145725541317
89.76218345934646,9.032877026702948,0,19.750000000000018,2.3851088129789932
90.96460534559773,8.760142514249948,0,19.80000000000002,1.7975695600476553
92.1266873781899,8.531172865180402,0,19.850000000000016,1.3894449314491875
93.24447886428277,8.353194558321341,0,19.900000000000016,1.0904057785129468
94.31402911103585,8.233434072499856,0,19.950000000000017,0.8645436370777442
95.33138742560877,8.17911788654301,0,20.000000000000018,0.6918590614127027
96.29390097159241,8.195387270145941,0,20.05000000000002,0.6691537879493379
97.20410833830276,8.279042656476053,0,20.100000000000016,0.6635061445766334
98.06584597148724,8.424799269568837,0,20.150000000000016,0.6760593357657911
98.88295031689306,8.627372333459766,0,20.200000000000017,0.7088427961880907
99.6592578202675,8.881477072184325,0,20.250000000000018,0.7651559156375982
100.3986049273579,9.181828709777994,0,20.30000000000002,0.8502230743856353
101.10482808391149,9.523142470276225,0,20.350000000000016,0.9724127706136365
101.78176373567564,9.900133577714552,0,20.400000000000016,1.145702880870098
102.43324832839761,10.307517256128428,0,20.450000000000017,1.395143647160785
103.06311830782471,10.740008729553338,0,20.500000000000018,1.7704860616804359
103.67521011970423,11.19232322202476,0,20.55000000000002,2.3865215743954513
104.27336020978339,11.659175957578137,0,20.600000000000016,3.5798647518283664
104.86140502380961,12.135282160249023,0,20.650000000000016,6.934919717582581
105.44318100753011,12.615357054072863,0,20.700000000000017,90.8795863755252
106.0225246066922,13.09411586308514,0,20.750000000000018,8.104470743876622
106.60327226704321,13.566273811321327,0,20.80000000000002,3.8127929860893466
107.18926043433038,14.026546122816912,0,20.85000000000002,2.446979767694461
107.78432555430098,14.469648021607341,0,20.900000000000016,1.7706968549014532
108.3923040727024,14.890294731728162,0,20.950000000000017,1.3676833911493869
109.01703243528189,15.283201477214817,0,21.000000000000018,1.1035916343969336
109.66154160132895,15.64388367843335,0,21.05000000000002,1.0770975791841912
110.32564058430204,15.97105754107202,0,21.10000000000002,1.0561591063816984
111.0083329112017,16.264239467149633,0,21.150000000000016,1.0401737771875121
111.70862210902874,16.522945858685038,0,21.200000000000017,1.02865725742748
112.42551170478367,16.74669311769705,0,21.250000000000018,1.0212222322554205
113.1580052254672,16.93499764620448,0,21.30000000000002,1.0175622836502602
113.90510619807996,17.087375846226145,0,21.35000000000002,1.0174394813108891
114.66581814962261,17.20334411978087,0,21.40000000000002,1.0206747905410396
115.4391446070957,17.28241886888746,0,21.450000000000017,1.0271406475277138
116.22408909750003,17.324116495564763,0,21.500000000000018,1.0367552277828251
117.01965514783613,17.327953401831582,0,21.55000000000002,1.0494780600478282
117.82484628510471,17.293445989706736,0,21.60000000000002,1.0653067306278392
118.63866603630638,17.220110661209045,0,21.65000000000002,1.084274492013691
119.46011792844173,17.107463818357342,0,21.700000000000017,1.1064486416912074
120.28820548851151,16.955021863170426,0,21.750000000000018,1.1319295770740918
121.12193224351631,16.762301197667128,0,21.80000000000002,1.1608504640026516
121.96030172045681,16.528818223866264,0,21.85000000000002,1.193377481779387
122.80231744633362,16.254089343786656,0,21.90000000000002,1.2297106292039794
123.64698294814733,15.937630959447143,0,21.950000000000017,1.2700850950555984
124.4933017528987,15.578959472866506,0,22.000000000000018,1.3147732142169615
125.34015317350968,15.178389389289542,0,22.05000000000002,1.5135347960324108
126.18591966658755,14.739427626864842,0,22.10000000000002,1.7421993261237454
127.02885947466108,14.266379206966967,0,22.15000000000002,2.0055006527265067
127.8672308402588,13.763549150970507,0,22.200000000000017,2.310017383498038
128.69929200590954,13.235242480249939,0,22.250000000000018,2.6651853262718457
129.5233012141419,12.685764216179855,0,22.30000000000002,3.0850211078288168
130.33751670748464,12.119419380134806,0,22.35000000000002,3.5912120885421954
131.14019672846632,11.540512993489346,0,22.40000000000002,4.21902465584497
131.92959951961566,10.953350077618028,0,22.45000000000002,5.029564176483794
132.7039833234613,10.362235653895446,0,22.500000000000018,6.13808734233684
133.461606382532,9.771474743696075,0,22.55000000000002,7.78972449143392
134.20072693935643,9.185372368394505,0,22.60000000000002,10.611071074574914
134.91960323646322,8.608233549365288,0,22.65000000000002,16.815099125223682
135.61649351638107,8.04436330798298,0,22.70000000000002,43.79611814298839
136.2896560216386,7.498066665622176,0,22.750000000000018,58.11745196760679
136.9373489947646,6.973648643657345,0,22.80000000000002,15.95313938246296
137.55783067828767,6.475414263463085,0,22.85000000000002,8.588194147309524
138.14935931473647,6.007668546413944,0,22.90000000000002,5.47556114283956
138.71019314663974,5.5747165138844785,0,22.95000000000002,3.736691945975459
139.23859041652614,5.180863187249242,0,23.00000000000002,2.620752439083139
139.73417342218556,4.82953712036445,0,23.05000000000002,1.831906396945877
140.2020206824531,4.520660997012805,0,23.10000000000002,1.344649242955494
140.64857477142516,4.253281033458723,0,23.15000000000002,1.02995357587549
141.080278263198,4.026443445966602,0,23.20000000000002,0.8244627315941782
141.50357373186796,3.8391944508008273,0,23.25000000000002,0.6939478098477387
141.92490375153136,3.6905802642258063,0,23.30000000000002,0.6190350917746085
142.35071089628462,3.579647102505909,0,23.35000000000002,0.5890402392313356
142.78743774022396,3.505441181905539,0,23.40000000000002,0.5992217544266688
143.2415268574458,3.4670087186890894,0,23.45000000000002,0.6496930374693642
143.71942082204646,3.4633959291209533,0,23.50000000000002,0.7453706794567536
144.2275622081222,3.493649029465519,0,23.55000000000002,0.8969456124753806
144.77239358976945,3.556814235987184,0,23.60000000000002,1.123396659707841
145.3603575410845,3.6519377649503406,0,23.65000000000002,1.4574368101752269
145.9978966361637,3.7780658326193794,0,23.70000000000002,1.957425252067883
146.69145344910336,3.934244655258696,0,23.75000000000002,2.735723143096497
147.4474705539998,4.119520449132664,0,23.80000000000002,4.036777156694328
148.27239052494943,4.332939430505707,0,23.85000000000002,6.507508472850966
149.1726559360485,4.573547815642204,0,23.90000000000002,12.595511151726475
150.15470936139343,4.840391820806548,0,23.95000000000002,47.069454763022044
151.22499337508046,5.1325176622631306,0,24.00000000000002,41.822129125592085
152.3873297811546,5.448618163282967,0,24.050000000000022,35.221513148974
153.63505730345526,5.785972575163547,0,24.10000000000002,30.651023961440366
154.95889389577067,6.141506756209056,0,24.15000000000002,27.14371347809482
156.3495575118889,6.512146564723605,0,24.20000000000002,24.26752658536138
157.79776610559804,6.894817859011332,0,24.25000000000002,21.802765391518733
159.29423763068615,7.2864464973763745,0,24.300000000000022,19.6272891981179
160.82969004094133,7.683958338122841,0,24.35000000000002,17.668621729047526
162.39484129015182,8.084279239554924,0,24.40000000000002,15.881573939077635
163.98040933210567,8.484335059976734,0,24.45000000000002,14.23685854979625
165.57711212059098,8.881051657692408,0,24.50000000000002,12.714898790431992
167.17566760939582,9.27135489100608,0,24.550000000000022,11.302277158262614
168.76679375230836,9.652170618221891,0,24.600000000000023,9.989607384036306
170.3412085031165,10.020424697643948,0,24.65000000000002,8.770211834414681
171.88962981560869,10.373042987576445,0,24.70000000000002,7.639273703766047
173.40277564357288,10.706951346323486,0,24.75000000000002,6.593278953383632
174.87136394079715,11.019075632189216,0,24.800000000000022,5.629640411025104
176.2861126610696,11.306341703477765,0,24.850000000000023,4.746439367375453
177.63773975817833,11.565675418493255,0,24.90000000000002,3.942244648087563
178.91696318591158,11.79400263553986,0,24.95000000000002,3.2159837236902176
180.11450089805732,11.988249212921696,0,25.00000000000002,2.5668492789970037
181.2233712255913,12.145962336130534,0,25.050000000000022,2.168396400381599
182.24579400823953,12.26717449940867,0,25.100000000000023,1.830925142071584
183.18628946291545,12.352539524186025,0,25.15000000000002,1.5463681941377738
184.04937780653287,12.402711231892535,0,25.20000000000002,1.3080012822410778
184.83957925600518,12.418343443958118,0,25.25000000000002,1.1102264238491024
185.56141402824602,12.400089981812702,0,25.300000000000022,0.9484199427018658
186.21940234016895,12.348604666886214,0,25.350000000000023,0.8188411526061051
186.8180644086875,12.264541320608584,0,25.40000000000002,0.7186059435557722
187.3619204507153,12.148553764409725,0,25.45000000000002,0.6457389503958928
187.85549068316593,12.001295819719571,0,25.50000000000002,0.5993288618612109
188.30329532295295,11.823421307968045,0,25.550000000000022,0.5798234062791026
188.7098545869899,11.615584050585078,0,25.600000000000023,0.5895139330962167
189.0796886921904,11.378437869000589,0,25.650000000000023,0.633280322638231
189.41731785546793,11.112636584644529,0,25.70000000000002,0.7197191394273734
189.7272622937362,10.818834018946783,0,25.75000000000002,0.8629279588810483
190.0140422239087,10.497683993337297,0,25.800000000000022,1.0856354923320135
190.282177862899,10.149840329245995,0,25.850000000000023,1.4255179684603878
190.5361894276207,9.775956848102803,0,25.900000000000023,1.9499516167513322
190.78059713498735,9.376687371337677,0,25.95000000000002,2.796176846860464
191.01992120191258,8.952685720380487,0,26.00000000000002,4.305161004773632
191.257759105478,8.504777773110694,0,26.050000000000022,4.824832713780747
191.49401736343788,8.03447763320577,0,26.100000000000023,5.333324618907457
191.7276797537145,7.543471460792691,0,26.150000000000023,5.823299770817503
191.95773005423027,7.033445415998442,0,26.200000000000024,6.2891356211844345
192.18315204290744,6.506085658950039,0,26.25000000000002,6.727218974239675
192.4029294976684,5.963078349774384,0,26.300000000000022,7.136163924747428
192.61604619643543,5.406109648598498,0,26.350000000000023,7.516982558110644
192.82148591713093,4.836865715549355,0,26.400000000000023,7.873258755548478
193.01823243767717,4.257032710753941,0,26.450000000000024,8.211400931820421
193.2052695359965,3.6682967943392732,0,26.50000000000002,8.541088033084382
193.3815809900113,3.0723441264322484,0,26.550000000000022,8.876092035535494
193.5461505776438,2.4708608671598893,0,26.600000000000023,9.23579728714139
193.69796207681645,1.8655331766491747,0,26.650000000000023,9.648029894299093
193.83599926545145,1.258047215027084,0,26.700000000000024,10.154480193905352
193.95924592147128,0.6500891424206404,0,26.75000000000002,10.821665907763183
194.06668582279818,0.043345118956736206,0,26.800000000000022,11.764989231191322
194.15730274735446,-0.5604986952376045,0,26.850000000000023,13.208144536876597
194.23008047306254,-1.1597561400354024,0,26.900000000000023,15.65741695671746
194.2840027778447,-1.7527410553096783,0,26.950000000000024,20.572227368177824
194.31805343962327,-2.337767280933409,0,27.00000000000002,34.66581029409038
194.33149740360193,-2.9133831508285417,0,27.050000000000022,250.58201797349503
194.3247242841095,-3.479074975112252,0,27.100000000000023,47.59205800452401
194.29840486275626,-4.034563557950599,0,27.150000000000023,21.720032528053743
194.25320992115238,-4.579569703509642,0,27.200000000000024,14.087056939657156
194.18981024090806,-5.11381421595544,0,27.250000000000025,10.442794117209205
194.1088766036335,-5.637017899454013,0,27.300000000000022,8.31365081995963
194.01107979093888,-6.148901558171497,0,27.350000000000023,6.9201583528434965
193.89709058443447,-6.6491859962739115,0,27.400000000000023,5.938594991344923
193.76757976573043,-7.137592017927316,0,27.450000000000024,5.210332414571707
193.62321811643696,-7.613840427297769,0,27.500000000000025,4.6484569670026925
193.46467641816426,-8.077652028551297,0,27.550000000000022,4.201330112242627
193.29262545252257,-8.528747625854026,0,27.600000000000023,3.8363200042646493
193.10773600112205,-8.96684802337198,0,27.650000000000023,3.531779144788045
192.9106788455729,-9.391674025271216,0,27.700000000000024,3.2727729471916693
192.70212476748534,-9.802946435717796,0,27.750000000000025,3.0486623549378042
192.48274454846955,-10.20038605887778,0,27.800000000000026,2.8516661780350225
192.25320897013583,-10.583713698917197,0,27.850000000000023,2.675970333634498
192.01418881409427,-10.952650160002163,0,27.900000000000023,2.5171567086096722
191.7663548619551,-11.306916246298705,0,27.950000000000024,2.371826182360948
191.51037789532856,-11.646232761972886,0,28.000000000000025,2.2373435058375257
191.24673926823777,-11.970419170595882,0,28.050000000000026,2.0471386329005474
190.97516262435767,-12.279689573359326,0,28.100000000000023,1.8885185397180237
190.69518217977608,-12.57435673086004,0,28.150000000000023,1.757749995469901
190.4063321505809,-12.854733403694775,0,28.200000000000024,1.6516595430045493
190.10814675285997,-13.121132352460307,0,28.250000000000025,1.5675741487064858
189.8001602027012,-13.373866337753405,0,28.300000000000026,1.5032687933139635
189.48190671619244,-13.613248120170832,0,28.350000000000023,1.4569201133279863
189.15292050942156,-13.839590460309397,0,28.400000000000023,1.4270655152262113
188.81273579847635,-14.053206118765857,0,28.450000000000024,1.4125674184552404
188.46088679944478,-14.254407856136984,0,28.500000000000025,1.4125824576374286
188.09690772841466,-14.443508433019554,0,28.550000000000026,1.4265356034801935
187.72033280147392,-14.62082061001033,0,28.600000000000023,1.4540992574777654
187.33069623471033,-14.786657147706114,0,28.650000000000023,1.4951774501134014
186.9275322442118,-14.941330806703663,0,28.700000000000024,1.549895339933073
186.5103750460662,-15.085154347599754,0,28.750000000000025,1.6185942871701726
186.07875885636136,-15.218440530991163,0,28.800000000000026,1.7018328773084017
185.63221789118523,-15.341502117474665,0,28.850000000000026,1.8003944148327626
185.17028636662565,-15.454651867647021,0,28.900000000000023,1.915301614866431
184.69249849877042,-15.558202542105029,0,28.950000000000024,2.047839513379306
184.19838850370743,-15.652466901445452,0,29.000000000000025,2.199588024936429
183.6876906495778,-15.737643430817997,0,29.050000000000026,2.2709537192335256
183.16093941273544,-15.81347351358408,0,29.100000000000026,2.3341283737198704
182.61886932158754,-15.879584257658058,0,29.150000000000023,2.3889585958768125
182.06221490454124,-15.935602770954286,0,29.200000000000024,2.4354399698788383
181.4917106900036,-15.981156161387114,0,29.250000000000025,2.4736997559867806
180.90809120638193,-16.015871536870897,0,29.300000000000026,2.5039785616824903
180.31209098208328,-16.03937600531998,0,29.350000000000026,2.526611798598176
179.70444454551486,-16.051296674648725,0,29.400000000000027,2.5420116132620696
179.08588642508383,-16.05126065277148,0,29.450000000000024,2.5506498342903305
178.4571511491973,-16.038895047602598,0,29.500000000000025,2.5530423306930987
177.8189732462624,-16.013826967056435,0,29.550000000000026,2.54973503755911
177.17208724468637,-15.975683519047335,0,29.600000000000026,2.541291784299064
176.51722767287634,-15.924091811489658,0,29.650000000000027,2.5282839608891456
175.8551290592395,-15.858678952297758,0,29.700000000000024,2.5112819802631035
175.1865259321829,-15.77907204938598,0,29.750000000000025,2.4908484391678103
174.51215282011376,-15.684898210668681,0,29.800000000000026,2.46753284311744
173.8327442514392,-15.57578454406021,0,29.850000000000026,2.441867740564675
173.14903475456646,-15.451358157474925,0,29.900000000000027,2.4143661038600053
172.46175885790265,-15.311246158827185,0,29.950000000000024,2.3855197969276993
171.77165108985488,-15.155075656031325,0,30.000000000000025,2.355798979119653
171.0793241737215,-14.983018929905128,0,30.050000000000026,2.940606085023944
170.3849036123652,-14.797428952880047,0,30.100000000000026,3.856621438840276
169.68839310353997,-14.601203870290963,0,30.150000000000027,5.505267127250881
168.9897963449997,-14.397241827472763,0,30.200000000000024,9.393212666433929
168.28911703449822,-14.188440969760295,0,30.250000000000025,30.289629713553694
167.58635886978948,-13.977699442488447,0,30.300000000000026,25.351987179727008
166.88152554862737,-13.767915390992101,0,30.350000000000026,8.9555060779939
166.17462076876578,-13.561986960606124,0,30.400000000000027,5.424515589034982
165.46564822795867,-13.3628122966654,0,30.450000000000028,3.87388839417111
164.75461162395993,-13.173289544504813,0,30.500000000000025,2.9978893433839273
164.04151465452335,-12.996316849459214,0,30.550000000000026,2.432965521919677
163.32636101740295,-12.834792356863494,0,30.600000000000026,2.0380049975313557
162.60915441035257,-12.691614212052524,0,30.650000000000027,1.746921700405951
161.8898985311261,-12.569680560361185,0,30.700000000000028,1.5247465251272323
161.16859707747756,-12.471889547124356,0,30.750000000000025,1.3513217461431313
160.4452537471607,-12.4011393176769,0,30.800000000000026,1.2142777564963099
159.71987223792948,-12.3603280173537,0,30.850000000000026,1.1056662383875218
158.99245624753777,-12.352353791489634,0,30.900000000000027,1.0202115288967522
158.26300947373954,-12.380114785419575,0,30.950000000000028,0.9543457358167118
157.53153561428863,-12.446509144478402,0,31.00000000000003,0.905651948671947
156.79782311251438,-12.553013777819487,0,31.050000000000026,1.0859132194015177
156.06079939404745,-12.695420649870286,0,31.100000000000026,1.3498613265928883
155.3191766300939,-12.868100488876737,0,31.150000000000027,1.7587154150278694
154.5716669918599,-13.065424023084791,0,31.200000000000028,2.4626747850821933
153.81698265055152,-13.281761980740399,0,31.25000000000003,3.9496823089076813
153.05383577737493,-13.51148509008949,0,31.300000000000026,9.186260672264899
152.28093854353605,-13.748964079378048,0,31.350000000000026,35.08493228512532
151.4970031202411,-13.988569676852006,0,31.400000000000027,6.229137398737426
150.70074167869618,-14.224672610757311,0,31.450000000000028,3.46457449857179
149.8908663901073,-14.451643609339918,0,31.50000000000003,2.4170672420470867
149.0660894256807,-14.663853400845754,0,31.550000000000026,1.8654066591066263
148.22512295662233,-14.855672713520802,0,31.600000000000026,1.5263124858473114
147.36667915413835,-15.021472275610996,0,31.650000000000027,1.2993465226181982
146.48947018943483,-15.155622815362289,0,31.700000000000028,1.1401036351424856
145.59220823371786,-15.25249506102062,0,31.75000000000003,1.0260772703591432
144.6736054581937,-15.306459740831945,0,31.800000000000026,0.9447751003085629
143.73237403406816,-15.311887583042218,0,31.850000000000026,0.8888336748552472
142.7672261325475,-15.26314931589738,0,31.900000000000027,0.8537622209742733
141.7768739248378,-15.154615667643384,0,31.950000000000028,0.8368070264722132
140.7600295821451,-14.980657366526177,0,32.00000000000003,0.8363400268479716
139.71592090790708,-14.73799285955765,0,32.050000000000026,1.0448833564528939
138.64583823448675,-14.432731468813326,0,32.10000000000002,1.3284062389250917
137.55158752647847,-14.073330235134604,0,32.15000000000003,1.7288541301361442
136.43497474847698,-13.668246199362965,0,32.20000000000003,2.3343785044990994
135.29780586507695,-13.225936402339935,0,32.25000000000003,3.3648166622237716
134.1418868408728,-12.754857884906901,0,32.300000000000026,5.557655590980159
132.96902364045906,-12.263467687905312,0,32.35000000000002,13.830533549088655
131.7810222284301,-11.760222852176545,0,32.40000000000003,33.99206998205864
130.5796885693806,-11.25358041856212,0,32.45000000000003,7.781276792895784
129.3668286279054,-10.751997427903559,0,32.50000000000003,4.387379858385687
128.14424836859868,-10.263930921042235,0,32.550000000000026,3.027017750979537
126.91375375605499,-9.797837938819534,0,32.60000000000003,2.281495716270661
125.67715075486913,-9.362175522077036,0,32.65000000000003,1.8048695286661027
124.43624532963531,-8.965400711656068,0,32.70000000000003,1.4715818170927253
123.19284344494845,-8.615970548398193,0,32.75000000000003,1.2253184844559033
121.94875106540286,-8.3223420731448,0,32.800000000000026,1.0372186740609726
120.70577415559299,-8.092972326737303,0,32.85000000000003,0.8910760704467333
119.46571868011364,-7.936318350017224,0,32.90000000000003,0.7771844273745315
118.23039060355909,-7.8608371838259625,0,32.95000000000003,0.6894800057781005
117.00159589052419,-7.874985869004993,0,33.00000000000003,0.6241165211417921
115.78059890238134,-7.984170073696961,0,33.050000000000026,0.699676358715316
114.56649758761519,-8.181589975249457,0,33.10000000000003,0.8067974374371744
113.35784829148884,-8.45739437831121,0,33.15000000000003,0.9553181012126218
112.15320735926478,-8.801732087531079,0,33.20000000000003,1.1624904720332534
110.95113113620617,-9.204751907557748,0,33.25000000000003,1.4608055828598165
109.75017596757564,-9.656602643040046,0,33.300000000000026,1.9186390165076643
108.54889819863584,-10.147433098626829,0,33.35000000000003,2.706935177475652
107.34585417464992,-10.667392078966742,0,33.40000000000003,4.401824296144056
106.13960024088033,-11.206628388708712,0,33.45000000000003,10.89493530410271
104.92869274259026,-11.75529083250137,0,33.50000000000003,25.18873047536109
103.71168802504229,-12.303528214993575,0,33.550000000000026,5.874649018972431
102.48714243349914,-12.841489340834187,0,33.60000000000003,3.3053719523355634
101.25361231322391,-13.359323014671833,0,33.65000000000003,2.277771414100204
100.00965400947909,-13.847178041155452,0,33.70000000000003,1.7198447206478438
98.75382386752783,-14.29520322493368,0,33.75000000000003,1.3687340961768273
97.48467823263276,-14.69354737065537,0,33.800000000000026,1.1288480631156232
96.20077345005653,-15.03235928296935,0,33.85000000000003,0.9572926844764703
94.9006658650623,-15.301787766524315,0,33.90000000000003,0.8321051415651529
93.58291182291251,-15.49198162596912,0,33.95000000000003,0.7410017275226444
92.24606766887035,-15.593089665952487,0,34.00000000000003,0.6767130624451533
90.8894026904393,-15.598354381765855,0,34.05000000000003,0.7625413283506374
89.5150379440877,-15.51339303127109,0,34.10000000000003,0.8733009786429226
88.12580742852434,-15.346916562972677,0,34.15000000000003,1.0140575759512
86.72454514245806,-15.107635925375051,0,34.20000000000003,1.1927934885343139
85.31408508459823,-14.804262066982764,0,34.25000000000003,1.4224536819976898
83.89726125365345,-14.445505936300206,0,34.30000000000003,1.7251275384707219
82.47690764833315,-14.040078481831962,0,34.35000000000003,2.1413816195080853
81.0558582673461,-13.59669065208246,0,34.40000000000003,2.7539364832350928
79.63694710940112,-13.124053395556103,0,34.45000000000003,3.7601516531510204
78.22300817320759,-12.630877660757513,0,34.50000000000003,5.77202785945542
76.81687545747414,-12.125874396191028,0,34.55000000000003,12.090803942805518
75.42138296091012,-11.617754550361267,0,34.60000000000003,123.36127364816899
74.03936468222439,-11.115229071772639,0,34.65000000000003,9.82392826146497
72.67365462012573,-10.627008908929556,0,34.70000000000003,4.969859521768209
71.32708677332353,-10.161805010336627,0,34.75000000000003,3.2300047900951645
70.00249514052639,-9.72832832449821,0,34.80000000000003,2.3221172317225207
68.70271372044373,-9.3352897999189,0,34.85000000000003,1.7587887740722987
67.43057651178431,-8.991400385103113,0,34.90000000000003,1.3734477006187307
66.18891751325698,-8.705371028555291,0,34.95000000000003,1.0940197478320985
64.98057072357109,-8.485912678779993,0,35.00000000000003,0.8844881792630448
63.80777768529163,-8.33933009292838,0,35.05000000000003,0.884999744363443
62.67041011640951,-8.262303262738708,0,35.10000000000003,0.8985649204279226
61.56774727877147,-8.249105988595918,0,35.15000000000003,0.9261036579468275
60.499068434224284,-8.294012070884985,0,35.20000000000003,0.9691057607415816
59.463652844615154,-8.391295309990863,0,35.25000000000003,1.0298740305273315
58.46077977179071,-8.535229506298542,0,35.30000000000003,1.1119374675800375
57.48972847759814,-8.720088460192951,0,35.35000000000003,1.2207869869087862
56.54977822388408,-8.940145972059103,0,35.400000000000034,1.3652600383913764
55.64020827249571,-9.189675842281906,0,35.45000000000003,1.560336035356929
54.76029788527981,-9.462951871246354,0,35.50000000000003,1.83332726134482
53.90932632408317,-9.754247859337454,0,35.55000000000003,2.239439131283095
53.08657285075294,-10.057837606940085,0,35.60000000000003,2.90871920958942
52.291316727135786,-10.367994914439308,0,35.650000000000034,4.235470128017521
51.52283721507887,-10.678993582219995,0,35.70000000000003,8.22983796049021
50.78041357642898,-10.985107410667155,0,35.75000000000003,347.7644222433842
50.06332507303293,-11.280610200165798,0,35.80000000000003,7.090899205008734
49.370850966737805,-11.559775751100805,0,35.85000000000003,3.3539224393800504
48.70227051939036,-11.816877863857219,0,35.900000000000034,2.079676926865968
48.05686299283769,-12.046190338819937,0,35.95000000000003,1.4349694963200652
47.43390764892659,-12.241986976373957,0,36.00000000000003,1.0476770677180014
46.83248802528798,-12.399983610716381,0,36.05000000000003,1.0131603357975685
46.25090476268931,-12.521664211292673,0,36.10000000000003,0.9981301322753189
45.687262777681774,-12.609954781360493,0,36.150000000000034,1.003965442284102
45.13966698681689,-12.667781324177428,0,36.20000000000003,1.0332439829438977
44.60622230664596,-12.698069843001111,0,36.25000000000003,1.0904127004444326
44.08503365372027,-12.703746341089163,0,36.30000000000003,1.183014631290693
43.5742059445913,-12.6877368216992,0,36.35000000000003,1.3241063508681055
43.0718440958103,-12.652967288088837,0,36.400000000000034,1.537472643680411
42.57605302392876,-12.602363743515701,0,36.45000000000003,1.8702923272290475
42.08493764549796,-12.538852191237403,0,36.50000000000003,2.4294897447892754
41.59660287706922,-12.465358634511555,0,36.55000000000003,3.516678870819614
41.109153635194026,-12.384809076595795,0,36.60000000000003,6.430533861114594
40.6206948364236,-12.300129520747719,0,36.650000000000034,36.84863632805013
40.12933139730944,-12.214245970224969,0,36.70000000000003,10.099634778860144
39.633168234402845,-12.130084428285151,0,36.75000000000003,4.5174661187293585
39.130310264255115,-12.050570898185875,0,36.80000000000003,2.9559137076441044
38.618862403417744,-11.97863138318478,0,36.85000000000003,2.231695087398153
38.096929568441944,-11.91719188653946,0,36.900000000000034,1.8221955011299162
37.562616675879234,-11.869178411507562,0,36.95000000000003,1.5665324209670908
37.01402864228089,-11.837516961346685,0,37.00000000000003,1.3990476983480695
36.44992577985145,-11.824308511165757,0,37.05000000000003,1.6462992760778379
35.871689983408594,-11.82835392347895,0,37.10000000000003,1.9523868929798385
35.28135854342294,-11.847629032651746,0,37.150000000000034,2.3405026257984822
34.680968750365416,-11.880109673049612,0,37.20000000000003,2.850482302336427
34.07255789470663,-11.923771679038039,0,37.250000000000036,3.5564117366589683
33.45816326691751,-11.97659088498249,0,37.30000000000003,4.612595342174896
32.83982215746875,-12.03654312524845,0,37.35000000000003,6.400712816850486
32.21957185683103,-12.10160423420141,0,37.400000000000034,10.1885569184741
31.5994496554753,-12.169750046206826,0,37.45000000000003,24.23348838862752
30.981492843872147,-12.238956395630199,0,37.500000000000036,63.7273161730181
30.36773871249252,-12.307199116836983,0,37.55000000000003,13.507504012815875
29.760224551807102,-12.372454044192668,0,37.60000000000003,7.3984655164442525
29.160987652286575,-12.432697012062745,0,37.650000000000034,4.983943937465059
28.57206530440188,-12.485903854812669,0,37.70000000000003,3.672881988324759
27.995494798623618,-12.530050406807936,0,37.750000000000036,2.8399043156724373
27.433313425422728,-12.563112502414013,0,37.80000000000003,2.258811700981734
26.88755847526989,-12.58306597599638,0,37.85000000000003,1.8282030002435323
26.36026723863581,-12.587886661920521,0,37.900000000000034,1.496066515204134
25.853477005991397,-12.575550394551913,0,37.95000000000003,1.2331635582069784
25.36922506780728,-12.544033008256026,0,38.000000000000036,1.0219668315001258
24.90822005498897,-12.492194037274817,0,38.05000000000003,1.1319012409990046
24.465855960180185,-12.422427815356091,0,38.10000000000003,1.3476786579540392
24.03619811645926,-12.3380123761241,0,38.150000000000034,1.773735378868505
23.613311856904712,-12.242225753203144,0,38.20000000000003,2.760589357529216
23.191262514594815,-12.13834598021746,0,38.250000000000036,6.582574580616826
22.76411542260809,-12.029651090791354,0,38.30000000000003,18.61180895612413
22.32593591402286,-11.91941911854908,0,38.35000000000003,4.109074280053285
21.870789321917467,-11.810928097114887,0,38.400000000000034,2.449822534310902
21.392740979370437,-11.707456060113085,0,38.45000000000003,1.844466970671694
20.885856219460017,-11.612281041167911,0,38.500000000000036,1.5572804291713536
20.34420037526476,-11.52868107390366,0,38.55000000000003,1.4124409271205522
19.761838779862888,-11.459934191944585,0,38.60000000000004,1.3472490119503306
19.132836766332986,-11.409318428914968,0,38.650000000000034,1.334256613899805
18.451259667753348,-11.380111818439076,0,38.70000000000003,1.3599239006882264
17.711172817202275,-11.375592394141174,0,38.750000000000036,1.417098879416024
16.906641547758362,-11.399038189645534,0,38.80000000000003,1.5018919950608474
16.031731192499787,-11.45372723857644,0,38.85000000000004,1.6122136982216777
15.08050708450519,-11.542937574558136,0,38.900000000000034,1.747025816986215
14.04703455685284,-11.669947231214906,0,38.95000000000003,1.9059304896641107
12.925378942620972,-11.838034242171044,0,39.000000000000036,2.088931555301204
11.71176506426852,-12.049045288952646,0,39.05000000000003,2.872000524783193
10.411055701774593,-12.299101644693415,0,39.10000000000004,4.0070171658859675
9.030273124499232,-12.582893230428809,0,39.150000000000034,5.808508505610832
7.576439601801922,-12.895109967194387,0,39.20000000000003,9.160438927868288
6.056577403042107,-13.23044177602572,0,39.250000000000036,17.844864709691326
4.477708797579887,-13.583578577958239,0,39.30000000000003,103.68167081798138
2.8468560547744803,-13.949210294027573,0,39.35000000000004,30.98168997649732
1.1710414439860168,-14.322026845269141,0,39.400000000000034,13.999003869274647
-0.5427127654260661,-14.69671815271852,0,39.45000000000003,9.15924314829716
-2.2873843041023543,-15.067974137411287,0,39.500000000000036,6.818814095602168
-4.055950902682683,-15.430484720382866,0,39.55000000000003,5.409110576433534
-5.841390291807889,-15.77893982266888,0,39.60000000000004,4.448218886283221
-7.636680202117797,-16.10802936530476,0,39.650000000000034,3.739188231096573
-9.434798364252998,-16.412443269326076,0,39.70000000000003,3.1867986684337186
-11.228722508854073,-16.686871455768397,0,39.750000000000036,2.739581743304154
-13.011430366560855,-16.926003845667168,0,39.80000000000003,2.3674222087606465
-14.775899668014176,-17.12453036005798,0,39.85000000000004,2.0516311112472265
-16.515108143853872,-17.277140919976304,0,39.900000000000034,1.7800782196475058
-18.222033524720523,-17.3785254464577,0,39.95000000000003,1.5446128067885911
-19.889653541254713,-17.42337386053769,0,40.000000000000036,1.33961140810653
-21.512211582985888,-17.408224477317827,0,40.05000000000003,1.3966939301181585
-23.089013675002843,-17.337009188163815,0,40.10000000000004,1.471581616294662
-24.62063150128306,-17.215508278507404,0,40.150000000000034,1.568244476340757
-26.10763674580469,-17.049502033780325,0,40.20000000000003,1.6926307183925013
-27.550601092545865,-16.84477073941427,0,40.250000000000036,1.853971045234163
-28.950096225484103,-16.607094680841044,0,40.30000000000003,2.0672807899387844
-30.306693828597723,-16.342254143492305,0,40.35000000000004,2.3585659232112044
-31.620965585864276,-16.056029412799873,0,40.400000000000034,2.776875813300553
-32.893483181262056,-15.754200774195391,0,40.45000000000004,3.4266326712665878
-34.12481829876864,-15.442548513110683,0,40.500000000000036,4.575495887570683
-35.31554262236211,-15.126852914977441,0,40.55000000000003,7.174851242965359
-36.466227836020586,-14.812894265227358,0,40.60000000000004,18.873275332684567
-37.577445623721644,-14.50645284929225,0,40.650000000000034,23.59425636814629
-38.64976766944354,-14.21330895260377,0,40.70000000000004,6.710358025362528
-39.6837656571639,-13.939242860593733,0,40.750000000000036,3.7062339630222834
-40.6800112708608,-13.690034858693831,0,40.80000000000003,2.4495619709735386
-41.63907619451231,-13.47146523233577,0,40.85000000000004,1.7598113331166123
-42.56153211209607,-13.289314266951347,0,40.900000000000034,1.3264601351156309
-43.447950707590266,-13.149362247972238,0,40.95000000000004,1.032643285753721
-44.298903664972585,-13.05738946083023,0,41.000000000000036,0.824880987020189
-45.11523741883705,-13.017350952266563,0,41.05000000000003,0.8337204261584203
-45.89889740624145,-13.025900814260712,0,41.10000000000004,0.862190015455329
-46.65210381485928,-13.077867900101685,0,41.150000000000034,0.9138162364627704
-47.37707683236437,-13.168081063078509,0,41.20000000000004,0.994555030334566
-48.07603664643022,-13.291369156480172,0,41.250000000000036,1.1147118185239668
-48.75120344473059,-13.442561033595696,0,41.30000000000003,1.293141610649958
-49.40479741493925,-13.616485547714124,0,41.35000000000004,1.567619281150654
-50.03903874472967,-13.807971552124416,0,41.400000000000034,2.025251057747219
-50.656147621775716,-14.011847900115638,0,41.45000000000004,2.919248146011365
-51.258344233750854,-14.22294344497675,0,41.500000000000036,5.41419086047688
-51.84784876832887,-14.436087039996787,0,41.55000000000003,51.210604293321225
-52.42688141318351,-14.646107538464793,0,41.60000000000004,6.475619554337924
-52.99766235598827,-14.847833793669727,0,41.650000000000034,2.9506425341640177
-53.56241178441699,-15.036094658900655,0,41.70000000000004,1.8683253340354296
-54.12334988614317,-15.205718987446534,0,41.750000000000036,1.345417530751852
-54.682696848840635,-15.351535632596427,0,41.80000000000004,1.0416348296670317
-55.242672860182914,-15.468373447639303,0,41.85000000000004,0.8486752174052488
-55.80549810784374,-15.5510612858642,0,41.900000000000034,0.7217325630958452
-56.373392779496875,-15.594428000560129,0,41.95000000000004,0.6392705658127699
-56.94857706281581,-15.593302445016104,0,42.000000000000036,0.5900309583389292
-57.533097944744966,-15.54428672412239,0,42.05000000000004,0.7028740124391425
-58.12830960931075,-15.45107594917433,0,42.10000000000004,0.8680084812609523
-58.735393039810354,-15.319138483068501,0,42.150000000000034,1.1118805669728065
-59.35552921954105,-15.153942688701463,0,42.20000000000004,1.489489589797171
-59.98989913179978,-14.96095692896984,0,42.250000000000036,2.13428513319104
-60.639683759883866,-14.745649566770163,0,42.30000000000004,3.46957820223981
-61.30606408709028,-14.513488964999075,0,42.35000000000004,7.902191061803454
-61.99022109671622,-14.269943486553132,0,42.400000000000034,48.967981677462376
-62.69333577205896,-14.020481494328875,0,42.45000000000004,6.40342373182308
-63.41658909641544,-13.770571351222962,0,42.500000000000036,3.5279306823189316
-64.161162053083,-13.525681420131901,0,42.55000000000004,2.47387213163132
-64.92823562535857,-13.291280063952348,0,42.60000000000004,1.9246692632111004
-65.7189907965394,-13.072835645580845,0,42.650000000000034,1.5880443562818174
-66.53460854992274,-12.875816527913951,0,42.70000000000004,1.3623976510079079
-67.37626986880552,-12.705691073848305,0,42.750000000000036,1.2033093750851935
-68.2451557364851,-12.56792764628044,0,42.80000000000004,1.0884064119021168
-69.14244713625837,-12.467994608106977,0,42.85000000000004,1.0052964886086895
-70.06932505142262,-12.411360322224478,0,42.900000000000034,0.9466529980730928
-71.02697046527511,-12.403493151529528,0,42.95000000000004,0.9079584760698567
-72.01656436111271,-12.449861458918708,0,43.000000000000036,0.8863727804288649
-73.03877991664211,-12.553963108667745,0,43.05000000000004,1.0767438370910127
-74.09225908720639,-12.711413970568856,0,43.10000000000004,1.3281862350885072
-75.17513602255839,-12.915859415793438,0,43.150000000000034,1.6690760063108558
-76.28554487245086,-13.16094481551291,0,43.20000000000004,2.1530241559216714
-77.42161978663619,-13.440315540898592,0,43.250000000000036,2.8937421780245676
-78.58149491486732,-13.74761696312194,0,43.30000000000004,4.179819921205716
-79.76330440689661,-14.076494453354256,0,43.35000000000004,7.014982918344344
-80.96518241247682,-14.420593382766965,0,43.400000000000034,18.89870197019586
-82.18526308136083,-14.7735591225315,0,43.45000000000004,31.323245687863107
-83.42168056330091,-15.129037043819151,0,43.500000000000036,8.776961118793889
-84.67256900805009,-15.480672517801397,0,43.55000000000004,5.132326250986985
-85.93606256536066,-15.822110915649526,0,43.60000000000004,3.62093500213812
-87.2102953849856,-16.146997608535017,0,43.65000000000004,2.78360242756948
-88.49340161667723,-16.448977967629155,0,43.70000000000004,2.24621625565305
-89.78351541018837,-16.721697364103385,0,43.750000000000036,1.8695278251610328
-91.07877091527189,-16.95880116912911,0,43.80000000000004,1.590036584383635
-92.37730228168002,-17.15393475387766,0,43.85000000000004,1.3747830855891254
-93.6772436591658,-17.300743489520467,0,43.90000000000004,1.2050595999088924
-94.97672919748155,-17.39287274722887,0,43.95000000000004,1.0695427467915506
-96.27389304638005,-17.423967898174286,0,44.000000000000036,0.9610568395275936
-97.56733248545154,-17.389837888152687,0,44.05000000000004,1.0640817118987307
-98.8574973136351,-17.294945961458463,0,44.10000000000004,1.2016957145326501
-100.14530045970795,-17.145918937010567,0,44.15000000000004,1.385972350168738
-101.43165485244657,-16.949383633728008,0,44.20000000000004,1.637455625497686
-102.71747342062795,-16.711966870529746,0,44.250000000000036,1.9936473223632087
-104.00366909302915,-16.44029546633471,0,44.30000000000004,2.530343609128902
-105.29115479842659,-16.140996240061952,0,44.35000000000004,3.426064618161292
-106.58084346559754,-15.820696010630357,0,44.40000000000004,5.222478765261455
-107.87364802331841,-15.486021596958995,0,44.45000000000004,10.691425468527255
-109.17048140036624,-15.143599817966788,0,44.500000000000036,381.89884443297467
-110.47225652551806,-14.800057492572666,0,44.55000000000004,10.235105103017343
-111.77988632755034,-14.462021439695699,0,44.60000000000004,5.196959057112944
-113.09428373524028,-14.136118478254762,0,44.65000000000004,3.480097573937427
-114.41636167736435,-13.828975427168917,0,44.70000000000004,2.611982509103004
-115.74703308269956,-13.547219105357103,0,44.750000000000036,2.0877619234942157
-117.08721088002295,-13.297476331738245,0,44.80000000000004,1.7379688026071167
-118.43780799811098,-13.086373925231397,0,44.85000000000004,1.4898781952698885
-119.79973736574084,-12.920538704755465,0,44.90000000000004,1.307239534064274
-121.17391191168903,-12.806597489229476,0,44.95000000000004,1.170072233459496
-122.56124456473276,-12.751177097572372,0,45.00000000000004,1.0665596719454
-123.9620552589977,-12.75895904972188,0,45.05000000000004,1.1779499416189585
-125.37429195000715,-12.826843669690716,0,45.10000000000004,1.3100016125263196
-126.79530959863361,-12.949785982510363,0,45.15000000000004,1.466323120958577
-128.22246316574905,-13.122741013212266,0,45.20000000000004,1.6520724105919324
-129.65310761222614,-13.340663786827946,0,45.25000000000004,1.8747783367207809
-131.0845978989369,-13.598509328388808,0,45.30000000000004,2.1457664364676914
-132.51428898675377,-13.891232662926358,0,45.35000000000004,2.4827640232287194
-133.93953583654937,-14.213788815472112,0,45.40000000000004,2.9149902346624463
-135.3576934091955,-14.561132811057455,0,45.45000000000004,3.494006068621388
-136.76611666556502,-14.928219674713954,0,45.50000000000004,4.319683944250236
-138.16216056652982,-15.31000443147298,0,45.55000000000004,5.613300452369285
-139.54318007296237,-15.701442106366054,0,45.60000000000004,7.980746327588556
-140.90653014573527,-16.097487724424706,0,45.65000000000004,13.884240333622115
-142.24956574572042,-16.4930963106803,0,45.70000000000004,57.89694398509779
-143.56964183379057,-16.883222890164415,0,45.75000000000004,24.907435503224413
-144.86411337081762,-17.26282248790841,0,45.80000000000004,9.838938019552124
-146.1303353176741,-17.62685012894382,0,45.85000000000004,5.921773181374572
-147.36566263523258,-17.970260838302163,0,45.90000000000004,4.10026172844138
-148.56745028436498,-18.288009641014813,0,45.95000000000004,3.0374713163685296
-149.73305322594396,-18.575051562113334,0,46.00000000000004,2.33632285950741
-150.86069300554894,-18.827478677727502,0,46.05000000000004,2.2536783063596015
-151.95205750758925,-19.045931268380787,0,46.10000000000004,2.188473900137206
-153.0097012011816,-19.232186665695007,0,46.15000000000004,2.1411698468431712
-154.03617855544232,-19.38802220129192,0,46.20000000000004,2.1125784064021604
-155.03404403948824,-19.515215206793375,0,46.25000000000004,2.1039761739335847
-156.0058521224356,-19.61554301382113,0,46.30000000000004,2.1172661157737047
-156.9541572734012,-19.690782953997022,0,46.35000000000004,2.15521728306408
-157.88151396150164,-19.74271235894285,0,46.40000000000004,2.221829643704478
-158.79047665585335,-19.773108560280406,0,46.45000000000004,2.322907737234393
-159.68359982557308,-19.7837488896315,0,46.50000000000004,2.4669975021243746
-160.56343793977715,-19.77641067861794,0,46.55000000000004,2.666986143657457
-161.43254546758226,-19.752871258861525,0,46.60000000000004,2.9429852920912953
-162.29347687810514,-19.71490796198405,0,46.65000000000004,3.3278824916852097
-163.14878664046208,-19.66429811960734,0,46.70000000000004,3.878965173945879
-164.00102922376988,-19.602819063353177,0,46.75000000000004,4.705090057846048
-164.85275909714494,-19.532248124843385,0,46.80000000000004,6.040602339344083
-165.706530729704,-19.454362635699738,0,46.850000000000044,8.497575461759396
-166.56489859056344,-19.370939927544082,0,46.90000000000004,14.33567998419178
-167.43041714883992,-19.283757331998192,0,46.95000000000004,44.37000813529934
-168.30564087365013,-19.194592180683866,0,47.00000000000004,42.96053349396593
-169.19259632562725,-19.104927293487183,0,47.05000000000004,46.441291418265344
-170.09119843147215,-19.0150674433512,0,47.100000000000044,50.25878483373612
-171.00083420940211,-18.925022891483263,0,47.15000000000004,54.46976150422202
-171.92089067763476,-18.834803899090705,0,47.20000000000004,59.1453098488635
-172.85075485438765,-18.74442072738083,0,47.25000000000004,64.37563915635991
-173.78981375787805,-18.65388363756101,0,47.30000000000004,70.27690846319294
-174.73745440632374,-18.563202890838532,0,47.350000000000044,77.00120722243939
-175.6930638179419,-18.472388748420766,0,47.40000000000004,84.75152630754432
-176.6560290109502,-18.381451471515028,0,47.45000000000004,93.80489501868954
-177.6257370035662,-18.29040132132863,0,47.50000000000004,104.54940029345363
-178.6015748140072,-18.199248559068938,0,47.55000000000004,117.54588539169683
-179.5829294604909,-18.108003445943254,0,47.600000000000044,133.6359225945693
-180.56918796123455,-18.016676243158933,0,47.65000000000004,154.14233393163065
-181.55973733445572,-17.92527721192329,0,47.70000000000004,181.27023263557027
-182.55396459837212,-17.83381661344365,0,47.75000000000004,218.9893143430113
-183.5512567712009,-17.742304708927367,0,47.80000000000004,275.23958509701
-184.55100087115994,-17.65075175958175,0,47.850000000000044,368.5485453552619
-185.5525839164663,-17.55916802661415,0,47.90000000000004,554.4999260234841
-186.55539292533766,-17.467563771231884,0,47.95000000000004,1111.0148406912979
