x,y,z
-228.429504405,11.33444494600002,0
-227.40055667791023,11.07963984855539,0
-226.3735258976188,10.824772633691882,0
-225.35032901092407,10.56978118399062,0
-224.3328829646244,10.314603382032724,0
-223.32310470551803,10.059177110399316,0
-222.32291118040342,9.803440251671521,0
-221.33421933607886,9.547330688430458,0
-220.35894611934265,9.290786303257253,0
-219.39900847699323,9.033744978733024,0
-218.45632335582886,8.776144597438895,0
-217.53280770264794,8.517923041955989,0
-216.63037846424876,8.259018194865428,0
-215.7509525874297,7.999367938748334,0
-214.89644701898908,7.738910156185827,0
-214.06877870572526,7.477582729759034,0
-213.26986459443657,7.215323542049073,0
-212.50162163192135,6.952070475637068,0
-211.76596676497797,6.687761413104141,0
-211.0648169404047,6.422334237031415,0
-210.400089105,6.155726830000011,0
-209.7730763954333,5.888478485905305,0
-209.1825767078587,5.623534143899683,0
-208.6267641283015,5.364440154449781,0
-208.10381274278703,5.114742868022243,0
-207.61189663734055,4.877988635083705,0
-207.14918989798738,4.657723806100805,0
-206.7138666107528,4.457494731540182,0
-206.30410086166205,4.280847761868476,0
-205.91806673674046,4.131329247552327,0
-205.55393832201332,4.01248553905837,0
-205.20988970350595,3.9278629868532464,0
-204.88409496724353,3.8810079414035954,0
-204.57472819925147,3.875466753176054,0
-204.27996348555502,3.914785772637263,0
-203.99797491217944,4.00251135025386,0
-203.72693656515003,4.1421898364924825,0
-203.4650225304921,4.33736758181977,0
-203.2104068942309,4.5915909367023655,0
-202.9612637423918,4.9084062516069045,0
-202.71576716099997,5.291359877000023,0
-202.47200183088916,5.741980521776224,0
-202.22769481212646,6.253726328541474,0
-201.98048375958737,6.8180377983295894,0
-201.72800632814744,7.426355432174388,0
-201.46790017268214,8.070119731109697,0
-201.19780294806696,8.740771196169346,0
-200.91535230917742,9.429750328387149,0
-200.61818591088905,10.128497628796925,0
-200.30394140807726,10.828453598432503,0
-199.97025645561766,11.52105873832771,0
-199.6147687083857,12.197753549516367,0
-199.23511582125684,12.849978533032282,0
-198.82893544910667,13.469174189909289,0
-198.39386524681066,14.046781021181216,0
-197.9275428692443,14.574239527881879,0
-197.42760597128313,15.042990211045094,0
-196.8916922078026,15.444473571704695,0
-196.31743923367821,15.7701301108945,0
-195.7024847037855,16.011400329648332,0
-195.04446627299998,16.15972472900001,0
-194.34172317611547,16.20965234856778,0
-193.59540096759935,16.168166382307547,0
-192.80734678183728,16.04535856275962,0
-191.97940775321504,15.851320622464334,0
-191.11343101611823,15.596144293962004,0
-190.21126370493263,15.289921309792952,0
-189.27475295404383,14.942743402497491,0
-188.30574589783768,14.564702304615956,0
-187.30608967069978,14.16588974868866,0
-186.27763140701586,13.756397467255917,0
-185.22221824117165,13.346317192858066,0
-184.14169730755282,12.945740658035419,0
-183.03791574054506,12.56475959532829,0
-181.91272067453406,12.213465737277009,0
-180.7679592439056,11.901950816421886,0
-179.60547858304528,11.640306565303257,0
-178.42712582633888,11.438624716461433,0
-177.23474810817203,11.306997002436736,0
-176.03019256293047,11.255515155769494,0
-174.81530632499994,11.294270909000016,0
-173.59176585804875,11.429859118733727,0
-172.36056494287595,11.654887137836418,0
-171.12252668956322,11.958465443238993,0
-169.87847420819222,12.32970451187233,0
-168.62923060884475,12.757714820667337,0
-167.3756190016024,13.231606846554905,0
-166.11846249654693,13.740491066465921,0
-164.85858420375996,14.273477957331286,0
-163.5968072333233,14.819677996081884,0
-162.3339546953185,15.368201659648621,0
-161.07084969982736,15.908159424962392,0
-159.8083153569316,16.42866176895408,0
-158.54717477671278,16.918819168554577,0
-157.28825106925268,17.367742100694795,0
-156.032367344633,17.76454104230561,0
-154.7803467129354,18.098326470317918,0
-153.53301228424164,18.358208861662618,0
-152.29118716863331,18.533298693270602,0
-151.05569447619214,18.61270644207277,0
-149.82735731699987,18.585542585000006,0
-148.60648306942113,18.444889070523914,0
-147.39131618495247,18.199713733278884,0
-146.17958538337342,17.86295587944004,0
-144.96901938446354,17.447554815182468,0
-143.75734690800232,16.966449846681286,0
-142.54229667376927,16.43258028011159,0
-141.32159740154393,15.858885421648475,0
-140.09297781110584,15.258304577467063,0
-138.85416662223452,14.64377705374245,0
-137.60289255470943,14.028242156649728,0
-136.33688432831016,13.424639192364024,0
-135.05387066281625,12.845907467060428,0
-133.7515802780072,12.304986286914044,0
-132.42774189366253,11.814814958099976,0
-131.08008422956175,11.38833278679332,0
-129.70633600548442,11.038479079169202,0
-128.30422594121,10.778193141402706,0
-126.87148275651809,10.62041427966894,0
-125.40583517118822,10.578081800143016,0
-123.90501190499985,10.664135009000026,0
-122.36837135602799,10.886686480687178,0
-120.80179063552939,11.234541862740056,0
-119.21277653305621,11.691680070966369,0
-117.60883583816077,12.242080021173786,0
-115.9974753403952,12.869720629170008,0
-114.3862018293117,13.558580810762736,0
-112.78252209446254,14.292639481759641,0
-111.19394292539991,15.055875557968424,0
-109.62797111167598,15.83226795519678,0
-108.09211344284297,16.605795589252395,0
-106.59387670845308,17.36043737594297,0
-105.14076769805857,18.080172231076183,0
-103.74029320121161,18.748979070459725,0
-102.39996000746439,19.350836809901303,0
-101.12727490636917,19.86972436520859,0
-99.92974468747813,20.28962065218929,0
-98.81487614034347,20.594504586651077,0
-97.79017605451742,20.76835508440167,0
-96.86315121955214,20.795151061248745,0
-96.04130842499988,20.658871432999977,0
-95.3291650395961,20.349140445433996,0
-94.71928074880918,19.878163664213,0
-94.20122581729079,19.263791984970165,0
-93.76457050969252,18.52387630333856,0
-93.39888509066601,17.67626751495135,0
-93.09373982486298,16.738816515441698,0
-92.83870497693499,15.729374200442665,0
-92.62335081153373,14.66579146558746,0
-92.43724759331081,13.565919206509136,0
-92.2699655869179,12.44760831884086,0
-92.11107505700663,11.32870969821577,0
-91.95014626822865,10.22707424026703,0
-91.77674948523558,9.160552840627734,0
-91.58045497267908,8.146996394930976,0
-91.3508329952108,7.204255798809928,0
-91.07745381748234,6.35018194789772,0
-90.74988770414541,5.602625737827513,0
-90.35770491985157,4.9794380642323866,0
-89.89047572925256,4.498469822745502,0
-89.33777039699993,4.177571908999976,0
-88.69188406587345,4.02896357669972,0
-87.95601139116529,4.042337511831739,0
-87.13607190629561,4.201754758453816,0
-86.2379851446847,4.4912763606237265,0
-85.26767063975271,4.894963362399275,0
-84.23104792491989,5.396876807838231,0
-83.13403653360653,5.98107774099836,0
-81.98255599923274,6.631627205937485,0
-80.78252585521881,7.332586246713368,0
-79.53986563498499,8.068015907383767,0
-78.26049487195144,8.82197723200652,0
-76.95033309953837,9.578531264639377,0
-75.61529985116613,10.3217390493401,0
-74.2613146602548,11.035661630166523,0
-72.8942970602247,11.704360051176382,0
-71.52016658449598,12.311895356427506,0
-70.14484276648889,12.842328589977647,0
-68.77424513962372,13.27972079588458,0
-67.41429323732058,13.608133018206122,0
-66.0709065929998,13.811626301000029,0
-64.74917154145838,13.879107190172094,0
-63.45084162300095,13.818864239020055,0
-62.176837179309025,13.644031502689652,0
-60.92807855206398,13.36774303632661,0
-59.70548608294733,13.003132895076671,0
-58.50998011364057,12.563335134085586,0
-57.34248098582509,12.061483808499055,0
-56.203909041182385,11.510712973462834,0
-55.09518462139396,10.92415668412268,0
-54.017228068141215,10.31494899562428,0
-52.97095972310568,9.69622396311342,0
-51.95729992796873,9.081115641735785,0
-50.977169024411886,8.482758086637137,0
-50.03148735411664,7.91428535296323,0
-49.12117525876439,7.388831495859755,0
-48.24715308003667,6.9195305704724905,0
-47.410341159614866,6.519516631947141,0
-46.61165983918048,6.201923735429446,0
-45.85202946041501,5.979885936065159,0
-45.13237036499987,5.866537288999998,0
-44.453044595698444,5.870915567288461,0
-43.81218099960178,5.985673415620058,0
-43.20735012488274,6.199367196593075,0
-42.63612251971426,6.500553272805783,0
-42.096068732269316,6.877788006856444,0
-41.58475931072076,7.319627761343362,0
-41.099764803241555,7.814628898864781,0
-40.63865575800458,8.35134778201901,0
-40.19900272318279,8.918340773404312,0
-39.7783762469491,9.504164235618935,0
-39.37434687747642,10.097374531261202,0
-38.98448516293769,10.686528022929348,0
-38.6063616515058,11.260181073221684,0
-38.23754689135369,11.806890044736472,0
-37.87561143065429,12.315211300071962,0
-37.5181258175805,12.773701201826475,0
-37.16266060030523,13.17091611259826,0
-36.80678632700145,13.495412394985586,0
-36.448073545842036,13.735746411586758,0
-36.08409280499991,13.880474525000025,0
-35.71292615638402,13.921407789615156,0
-35.334701666847174,13.863376026987831,0
-34.95005890697829,13.714463750465217,0
-34.559637447366164,13.482755473394466,0
-34.164076858599685,13.176335709122739,0
-33.7640167112677,12.803288970997217,0
-33.360096575959055,12.37169977236503,0
-32.95295602326263,11.889652626573374,0
-32.54323462376723,11.365232046969373,0
-32.131571948061755,10.806522546900203,0
-31.718607566735045,10.22160863971305,0
-31.304981050375947,9.618574838755034,0
-30.89133196957332,9.005505657373334,0
-30.478299894916024,8.390485608915133,0
-30.066524396992907,7.781599206727551,0
-29.656645046392814,7.18693096415777,0
-29.249301413704625,6.61456539455297,0
-28.84513306951717,6.072587011260272,0
-28.44477958441932,5.569080327626878,0
-28.04888052899991,5.112129856999915,0
-27.65754049899494,4.708325574124374,0
-27.26872419072895,4.35827929933653,0
-26.879861325673577,4.061108314370439,0
-26.48838162530051,3.8159299009602,0
-26.091714811081385,3.621861340839876,0
-25.687290604487877,3.4780199157435563,0
-25.272538726991666,3.383522907405323,0
-24.84488890006438,3.3374875975592495,0
-24.401770845177705,3.3390312679394203,0
-23.940614283803306,3.3872712002799124,0
-23.458848937412828,3.4813246763148076,0
-22.953904527477942,3.6203089777781865,0
-22.42321077547033,3.8033413864041212,0
-21.864197402861613,4.029539183926703,0
-21.274294131123504,4.298019652079999,0
-20.650930681727615,4.607900072598105,0
-19.991536776145637,4.9582977272150925,0
-19.293542135849247,5.348329897665026,0
-18.55437648231007,5.777113865682017,0
-17.77146953699981,6.24376691300011,0
-16.94344511059355,6.746657186521661,0
-16.073703370580347,7.2811562938219305,0
-15.166838573652726,7.841886707644419,0
-14.227444976503117,8.423470900732687,0
-13.260116835824045,9.02053134583023,0
-12.269448408308046,9.62769051568055,0
-11.260033950647541,10.239570883027215,0
-10.23646771953506,10.85079492061371,0
-9.203343971663138,11.455985101183543,0
-8.165256963724199,12.049763897480274,0
-7.126800952410805,12.626753782247379,0
-6.092570194415381,13.181577228228422,0
-5.067158946430461,13.7088567081669,0
-4.055161465148574,14.203214694806313,0
-3.0611720072621433,14.659273660890221,0
-2.0897848294637367,15.07165607916211,0
-1.145594188445778,15.434984422365527,0
-0.23319434090080016,15.743881163243977,0
0.642820456478673,15.992968774540971,0
1.4778559470002082,16.176869729000046,0
2.268434270310301,16.29217683138294,0
3.015543151411548,16.343364214524264,0
3.721286711645646,16.33687634327687,0
4.387769072354211,16.279157682493594,0
5.017094354878866,16.176652697027283,0
5.611366680561298,16.035805851730775,0
6.17269017074311,15.863061611456912,0
6.703168946765985,15.664864441058526,0
7.204907129971546,15.44765880538847,0
7.68000884170142,15.217889169299587,0
8.130578203297286,14.98199999764471,0
8.558719336100754,14.74643575527669,0
8.9665363614535,14.517640907048348,0
9.35613340069715,14.302059917812539,0
9.729614575173338,14.106137252422116,0
10.089084006223732,13.936317375729901,0
10.43664581518996,13.799044752588738,0
10.77440412341366,13.700763847851482,0
11.104463052236495,13.647919126370958,0
11.428926723000096,13.646955053000017,0
11.750054909614466,13.702070415612372,0
12.070729996263214,13.808481294165269,0
12.39399001969817,13.9591580916368,0
12.722873016671324,14.147071211005105,0
13.06041702393457,14.365191055248289,0
13.409660078239805,14.606488027344449,0
13.773640216339025,14.863932530271757,0
14.155395474984045,15.130494967008254,0
14.557963890926871,15.399145740532107,0
14.984383500919392,15.662855253821418,0
15.437692341713497,15.914593909854284,0
15.920928450061204,16.14733211160887,0
16.437129862714297,16.354040262063226,0
16.989334616424806,16.527688764195513,0
17.580580747944612,16.66124802098383,0
18.213906294025637,16.7476884354063,0
18.892349291419798,16.779980410441024,0
19.618947776878972,16.751094349066136,0
20.396739787155173,16.65400065425974,0
21.228763359000276,16.48166972899995,0
22.116935005443654,16.22978857925865,0
23.05868514462453,15.904910622982776,0
24.050322670959503,15.51630588111305,0
25.088156478865386,15.073244374590121,0
26.168495462758788,14.584996124354708,0
27.287648517056375,14.060831151347514,0
28.44192453617484,13.510019476509227,0
29.627632414530755,12.941831120780595,0
30.84108104654097,12.365536105102228,0
32.078579326622084,11.790404450414869,0
33.33643614919075,11.225706177659209,0
34.61096040866367,10.680711307775951,0
35.8984609994575,10.16468986170579,0
37.19524681598882,9.686911860389458,0
38.4976267526745,9.256647324767581,0
39.801909703931116,8.883166275780894,0
41.10440456417534,8.575738734370098,0
42.40142022782386,8.343634721475885,0
43.68926558929326,8.19612425803896,0
44.96424954300038,8.142477365000005,0
46.22362162772609,8.18869271937029,0
47.46839395970851,8.327683622443342,0
48.70051929954999,8.549092031583257,0
49.92195040785293,8.84255990415413,0
51.13464004521962,9.197729197520028,0
52.340540972252626,9.604241869045097,0
53.5416059495542,10.051739876093409,0
54.73978773772678,10.529865176029062,0
55.93703909737272,11.028259726216147,0
57.1353127890943,11.53656548401873,0
58.336561573494095,12.044424406800971,0
59.5427382111744,12.541478451926935,0
60.75579546273759,13.01736957676071,0
61.97768608878602,13.461739738666399,0
63.21036284992203,13.86423089500807,0
64.45577850674815,14.214485003149871,0
65.71588581986667,14.50214402045587,0
66.99263754987997,14.716849904290163,0
68.28798645739045,14.848244612016842,0
69.60388530300038,14.885970101000005,0
70.94130024759673,14.823074363856227,0
72.29725105320381,14.666229534211956,0
73.66777088213044,14.425513780946108,0
75.04889289668539,14.111005272937609,0
76.43665025917748,13.732782179065374,0
77.8270761319154,13.300922668208363,0
79.21620367720818,12.82550490924543,0
80.60006605736449,12.316607071055524,0
81.97469643469314,11.784307322517567,0
83.33612797150295,11.238683832510482,0
84.6803938301026,10.689814769913223,0
86.0035271728011,10.147778303604637,0
87.30156116190717,9.62265260246368,0
88.57052895972959,9.124515835369275,0
89.80646372857714,8.663446171200341,0
91.00539863075868,8.2495217788358,0
92.1633668285829,7.892820827154596,0
93.27640148435874,7.603421485035597,0
94.34053576039499,7.391401921357751,0
95.35180281900037,7.26684030499998,0
96.30755919890133,7.236965151822251,0
97.21045494449461,7.2976063656087256,0
98.06446347659477,7.441744197124638,0
98.8735582160161,7.662358897135211,0
99.64171258357305,7.952430716405663,0
100.37290000008005,8.304939905701225,0
101.07109388635142,8.712866715787083,0
101.74026766320169,9.169191397428522,0
102.38439475144523,9.666894201390736,0
103.00744857189642,10.198955378438953,0
103.61340254536968,10.758355179338391,0
104.2062300926794,11.338073854854235,0
104.78990463464005,11.931091655751787,0
105.36839959206603,12.530388832796238,0
105.94568838577172,13.128945636752805,0
106.52574443657151,13.71974231838671,0
107.11254116527988,14.295759128463178,0
107.71005199271113,14.849976317747398,0
108.3222503396798,15.375374137004668,0
108.95310962700023,15.864932837000172,0
109.60572972360002,16.31276177797246,0
110.27971629085958,16.717486758053397,0
110.97380143827235,17.07886268484814,0
111.68671727533206,17.396644465961927,0
112.41719591153215,17.670587008999913,0
113.16396945636619,17.90044522156728,0
113.92577001932776,18.08597401126923,0
114.7013297099104,18.22692828571093,0
115.48938063760761,18.323062952497565,0
116.28865491191306,18.374132919234338,0
117.09788464232027,18.37989309352642,0
117.91580193832279,18.340098382979004,0
118.74113890941416,18.25450369519727,0
119.57262766508788,18.122863937786413,0
120.40900031483763,17.944934018351603,0
121.2489889681569,17.72046884449803,0
122.09132573453925,17.44922332383088,0
122.93474272347824,17.13095236395534,0
123.77797204446739,16.765410872476618,0
124.61974580700034,16.352353756999854,0
125.45877432794224,15.892373334955398,0
126.2936807536448,15.389411563074141,0
127.1230664378314,14.848247807912122,0
127.94553273422534,14.273661436025419,0
128.75968099655012,13.670431813969985,0
129.564112578529,13.043338308301896,0
130.3574288338854,12.397160285577185,0
131.1382311163426,11.73667711235189,0
131.90512077962407,11.066668155182047,0
132.65669917745305,10.39191278062374,0
133.39156766355305,9.717190355232903,0
134.1083275916473,9.047280245565627,0
134.80558031545925,8.386961818177946,0
135.48192718871223,7.741014439625891,0
136.13596956512959,7.114217476465548,0
136.76630879843472,6.511350295252857,0
137.371546242351,5.937192262543907,0
137.95028325060176,5.396522744894725,0
138.5011211769104,4.894121108861352,0
139.0226613750002,4.434766720999821,0
139.51477047467836,4.022318309514802,0
139.98237621008707,3.6569520492053016,0
140.4316715914524,3.3379234765190238,0
140.86884962900024,3.0644881279036404,0
141.30010333295664,2.835901539806825,0
141.73162571354754,2.651419248676262,0
142.169609780999,2.5102967909595972,0
142.62024854553695,2.4117897031045197,0
143.08973501738743,2.3551535215587007,0
143.58426220677634,2.339643782769814,0
144.11002312392975,2.3645160231855287,0
144.67321077907368,2.429025779253521,0
145.28001818243402,2.532428587421463,0
145.93663834423685,2.6739799841370306,0
146.64926427470806,2.852935505847892,0
147.42408898407368,3.068550689001706,0
148.26730548255978,3.3200810700461765,0
149.1851067803923,3.6067821854289606,0
150.18368588779717,3.9279095715977332,0
151.26923581500048,4.282718765000165,0
152.44536354276244,4.669882348046987,0
153.70533193398035,5.085741087001133,0
155.03981782208606,5.526052794088686,0
156.4394980405112,5.9865752815356394,0
157.8950494226874,6.463066361568017,0
159.3971488020464,6.951283846411839,0
160.9364730120197,7.446985548293098,0
162.5036988860392,7.945929279437883,0
164.08950325753648,8.443872852072184,0
165.68456295994326,8.936574078422025,0
167.27955482669117,9.419790770713426,0
168.86515569121192,9.889280741172414,0
170.43204238693707,10.340801802024977,0
171.97089174729845,10.770111765497203,0
173.4723806057277,11.172968443815083,0
174.9271857956565,11.545129649204641,0
176.32598415051652,11.882353193891902,0
177.65945250373932,12.180396890102863,0
178.91826768875677,12.435018550063589,0
180.09310653900044,12.64197598600009,0
181.17699387795366,12.798054716340669,0
182.17234648930608,12.904151084322775,0
183.08392914679897,12.962189139386146,0
183.91650662417376,12.974092930970517,0
184.6748436951717,12.941786508515623,0
185.363705133534,12.867193921461197,0
185.9878557130021,12.752239219246974,0
186.55206020731714,12.5988464513127,0
187.06108339022057,12.408939667098087,0
187.51969003545364,12.18444291604288,0
187.93264491675762,11.927280247586815,0
188.30471280787384,11.639375711169622,0
188.64065848254359,11.322653356231042,0
188.9452467145082,10.979037232210828,0
189.2232422775089,10.610451388548672,0
189.47940994528707,10.218819874684328,0
189.71851449158396,9.806066740057535,0
189.94532069014093,9.37411603410802,0
190.1645933146992,8.92489180627556,0
190.3810971390001,8.460318105999816,0
190.5986248546366,7.982161280547735,0
190.817080824608,7.4915568684949285,0
191.03539732976535,6.989482706244186,0
191.25250665095962,6.476916630198295,0
191.4673410690418,5.954836476760084,0
191.67883286486284,5.424220082332266,0
191.88591431927387,4.8860452833176655,0
192.08751771312575,4.341289916119073,0
192.2825753272695,3.7909318171392767,0
192.47001944255618,3.235948822781105,0
192.6487823398367,2.6773187694472678,0
192.8177962999621,2.116019493540593,0
192.9759936037834,1.5530288314638703,0
193.12230653215153,0.989324619619887,0
193.25566736591753,0.42588469441147303,0
193.37500838593232,-0.13631310775866345,0
193.47926187304702,-0.6962909504876935,0
193.56736010811252,-1.253070997372826,0
193.63823537197985,-1.8056754120112768,0
193.6908199455,-2.3531263580002153,0
193.72431260514117,-2.8945513990470437,0
193.73897810984022,-3.429499699299501,0
193.73534771415132,-3.9576258230154755,0
193.71395267262852,-4.478584334452857,0
193.67532423982593,-4.992029797869536,0
193.61999367029762,-5.4976167775233655,0
193.5484922185978,-5.9949998376723075,0
193.4613511392804,-6.483833542574215,0
193.35910168689963,-6.963772456486976,0
193.2422751160096,-7.434471143668483,0
193.1114026811644,-7.895584168376591,0
192.96701563691806,-8.346766094869258,0
192.80964523782472,-8.787671487404337,0
192.6398227384385,-9.217954910239717,0
192.45807939331348,-9.63727092763329,0
192.26494645700376,-10.045274103842948,0
192.06095518406346,-10.441619003126547,0
191.84663682904664,-10.825960189742037,0
191.6225226465074,-11.197952227947278,0
191.3891438909999,-11.55724968200016,0
191.14686447057818,-11.903592412990793,0
190.89537890729653,-12.237061469338165,0
190.6342143767091,-12.557823196293553,0
190.36289805437022,-12.866043939108161,0
190.08095711583405,-13.161890043033221,0
189.78791873665486,-13.445527853319964,0
189.48331009238686,-13.717123715219602,0
189.16665835858433,-13.9768439739834,0
188.83749071080146,-14.224854974862575,0
188.4953343245925,-14.461323063108352,0
188.13971637551168,-14.686414583971963,0
187.77016403911327,-14.900295882704627,0
187.38620449095146,-15.103133304557602,0
186.9873649065805,-15.295093194782103,0
186.5731724615546,-15.47634189862936,0
186.14315433142806,-15.647045761350604,0
185.69683769175504,-15.807371128197065,0
185.23374971808988,-15.957484344419964,0
184.75341758598668,-16.09755175527055,0
184.25536847099977,-16.22773970600005,0
183.73935609483533,-16.34803963332868,0
183.20604036380746,-16.457743339852634,0
182.6563077303823,-16.555967719637103,0
182.09104464702588,-16.641829666747277,0
181.51113756620424,-16.71444607524835,0
180.9174729403836,-16.772933839205503,0
180.31093722202993,-16.816409852683925,0
179.69241686360937,-16.84399100974881,0
179.062798317588,-16.854794204465335,0
178.4229680364319,-16.847936330898705,0
177.77381247260715,-16.822534283114095,0
177.11621807857986,-16.7777049551767,0
176.45107130681606,-16.712565241151704,0
175.77925860978195,-16.626232035104305,0
175.10166643994347,-16.51782223109968,0
174.41918124976678,-16.38645272320303,0
173.73268949171796,-16.231240405479525,0
173.04307761826308,-16.05130217199437,0
172.35123208186835,-15.845754916812764,0
171.65803933499964,-15.613715533999864,0
170.96421407777308,-15.355221900460808,0
170.26978400090408,-15.073995824460427,0
169.5746050427582,-14.774680097103493,0
168.8785331417008,-14.461917509494787,0
168.1814242360973,-14.140350852739038,0
167.48313426431312,-13.814622917941026,0
166.78351916471368,-13.48937649620552,0
166.08243487566438,-13.169254378637284,0
165.3797373355307,-12.858899356341082,0
164.67528248267806,-12.562954220421702,0
163.9689262554718,-12.286061761983865,0
163.26052459227742,-12.032864772132362,0
162.54993343146026,-11.80800604197195,0
161.83700871138583,-11.616128362607405,0
161.1216063704196,-11.461874525143495,0
160.40358234692684,-11.349887320684964,0
159.68279257927304,-11.28480954033659,0
158.9590930058236,-11.27128397520314,0
158.232339564944,-11.313953416389378,0
157.5023881949996,-11.417460655000069,0
156.7689263195634,-11.584277794248875,0
156.030967303038,-11.808194185785153,0
155.28735599503372,-12.080828493367145,0
154.53693724516077,-12.3937993807531,0
153.77855590302937,-12.738725511701269,0
153.01105681824984,-13.107225549969874,0
152.23328484043222,-13.490918159317223,0
151.44408481918686,-13.881422003501536,0
150.64230160412396,-14.270355746281066,0
149.82678004485376,-14.64933805141406,0
148.99636499098648,-15.009987582658752,0
148.14990129213234,-15.343923003773437,0
147.28623379790153,-15.642762978516341,0
146.4042073579043,-15.898126170645716,0
145.50266682175095,-16.101631243919808,0
144.5804570390517,-16.244896862096866,0
143.63642285941665,-16.319541688935157,0
142.66940913245608,-16.31718438819292,0
141.67826070778025,-16.229443623628406,0
140.66182243499938,-16.047938058999865,0
139.61941496023599,-15.767640943722865,0
138.55226211566153,-15.396943869842096,0
137.46206352995932,-14.947593015059466,0
136.3505188318134,-14.431334557077005,0
135.2193276499075,-13.859914673596784,0
134.07018961292513,-13.245079542320717,0
132.90480434954998,-12.598575340950774,0
131.72487148846554,-11.932148247188847,0
130.53209065835566,-11.25754443873701,0
129.32816148790417,-10.586510093297337,0
128.1147836057946,-9.930791388571715,0
126.89365664071043,-9.302134502262035,0
125.66648022133568,-8.71228561207046,0
124.43495397635368,-8.172990895698799,0
123.20077753444845,-7.695996530849193,0
121.96565052430348,-7.293048695223538,0
120.73127257460229,-6.9758935665237765,0
119.49934331402886,-6.756277322451975,0
118.27156237126655,-6.645946140710057,0
117.04962937499936,-6.656646199000036,0
115.83472741261586,-6.795930746032167,0
114.6259734063249,-7.0545813145500045,0
113.4219677370409,-7.419186508305301,0
112.22131078567764,-7.87633493104998,0
111.02260293314949,-8.412615186535737,0
109.8244445603704,-9.014615878514455,0
108.62543604825424,-9.668925610738059,0
107.42417777771549,-10.362132986958185,0
106.21927012966786,-11.08082661092685,0
105.0093134850258,-11.811595086395679,0
103.7929082247032,-12.54102701711659,0
102.56865472961398,-13.255711006841521,0
101.33515338067258,-13.94223565932208,0
100.09100455879272,-14.58718957831029,0
98.83480864488884,-15.177161367557794,0
97.56516601987487,-15.698739630816508,0
96.28067706466469,-16.13851297183832,0
94.97994216017275,-16.48306999437492,0
93.66156168731278,-16.718999302178233,0
92.32413602699923,-16.83288949900002,0
90.96696953059879,-16.815637562925623,0
89.59218243129084,-16.67537396937429,0
88.20259893270719,-16.42453756809876,0
86.80104323847964,-16.075567208851695,0
85.39033955224056,-15.640901741385917,0
83.97331207762153,-15.132980015454036,0
82.55278501825498,-14.56424088080891,0
81.13158257777266,-13.947123187203198,0
79.71252895980638,-13.29406578438953,0
78.29844836798853,-12.617507522120814,0
76.8921650059507,-11.929887250149584,0
75.49650307732527,-11.243643818228758,0
74.11428678574403,-10.571216076110968,0
72.74834033483877,-9.925042873548836,0
71.4014879282419,-9.31756306029528,0
70.07655376958499,-8.761215486102845,0
68.77636206250043,-8.268439000724424,0
67.50373701061999,-7.851672453912645,0
66.26150281757552,-7.523354695420199,0
65.05248368699934,-7.295924574999893,0
63.878914818057105,-7.178141656838153,0
62.7406753920511,-7.164048362856518,0
61.63705558581711,-7.244007829410246,0
60.56734557619095,-7.408383192854643,0
59.53083554000887,-7.6475375895449424,0
58.52681565410654,-7.9518341558364884,0
57.554576095320215,-8.311636028084473,0
56.61340704048555,-8.717306342644275,0
55.70259866643878,-9.159208235871057,0
54.82144115001573,-9.627704844120156,0
53.96922466805222,-10.113159303746919,0
53.14523939738448,-10.605934751106487,0
52.3487755148482,-11.096394322554275,0
51.57912319727958,-11.574901154445428,0
50.83557262151447,-12.031818383135285,0
50.11741396438872,-12.457509144979195,0
49.42393740273846,-12.842336576332311,0
48.75443311339949,-13.17666381355002,0
48.10819127320795,-13.450853992987499,0
47.48450205899968,-13.655270251000086,0
46.882458382934104,-13.783040964172057,0
46.300364098465046,-13.838355470003563,0
45.736325794369506,-13.828168346223784,0
45.188450059424845,-13.759434170561887,0
44.65484348240815,-13.639107520747034,0
44.13361265209655,-13.47414297450836,0
43.622864157267365,-13.271495109575081,0
43.120704586697634,-13.0381185036763,0
42.62524052916469,-12.780967734541246,0
42.13457857344564,-12.506997379899053,0
41.64682530831761,-12.223162017478836,0
41.16008732255791,-11.936416225009845,0
40.67247120494358,-11.653714580221159,0
40.18208354425196,-11.382011660842025,0
39.687030929260146,-11.128262044601561,0
39.18541994874528,-10.899420309228896,0
38.675357191484665,-10.702441032453265,0
38.15494924625534,-10.544278792003777,0
37.62230270183465,-10.431888165609633,0
37.07552414699969,-10.372223730999973,0
36.51337113996693,-10.370095839058278,0
35.93720511671047,-10.421737933285295,0
35.349038482643486,-10.521239230336105,0
34.75088364317943,-10.662688946865751,0
34.14475300373143,-10.840176299529341,0
33.532658969712976,-11.047790504981892,0
32.91661394653729,-11.279620779878499,0
32.2986303396176,-11.529756340874261,0
31.680720554367376,-11.792286404624189,0
31.064896996199757,-12.061300187783411,0
30.453172070528222,-12.330886907006931,0
29.84755818276599,-12.59513577894985,0
29.250067738326283,-12.848136020267273,0
28.662713142622582,-13.083976847614199,0
28.087506801068027,-13.296747477645766,0
27.526461119076092,-13.480537127016975,0
26.981588502059992,-13.629435012382935,0
26.454901355432966,-13.737530350398721,0
25.948412084608474,-13.79891235771937,0
25.46413309499967,-13.80767025099998,0
25.002756470708555,-13.760011756271858,0
24.559693010591086,-13.660618637071332,0
24.129033192191805,-13.516291166310937,0
23.704867493055403,-13.333829616903278,0
23.28128639072635,-13.120034261760864,0
22.85238036274936,-12.881705373796317,0
22.412239886668957,-12.62564322592217,0
21.954955440029654,-12.35864809105095,0
21.474617500376176,-12.087520242095287,0
20.96531654525297,-11.819059951967674,0
20.42114305220477,-11.560067493580744,0
19.836187498776,-11.31734313984699,0
19.204540362511416,-11.097687163679037,0
18.520292120955528,-10.907899837989419,0
17.777533251652812,-10.754781435690669,0
16.97035423214807,-10.645132229695399,0
16.09284553998564,-10.585752492916136,0
15.13909765271038,-10.583442498265462,0
14.103201047866747,-10.645002518655925,0
12.979246202999162,-10.77723282700011,0
11.763478605322499,-10.984384677138722,0
10.460763780730801,-11.260513246625312,0
9.07812226478879,-11.597124693941483,0
7.6225745930606275,-11.985725177568954,0
6.101141301110444,-12.417820855989474,0
4.520842924503019,-12.884917887684603,0
2.888699998802247,-13.378522431136162,0
1.2117330595729445,-13.890140644825685,0
-0.5030373576207723,-14.41127868723493,0
-2.2485907172148085,-14.933442716845652,0
-4.017906483644319,-15.448138892139394,0
-5.80396412134546,-15.946873371597977,0
-7.599743094753373,-16.42115231370294,0
-9.398222868303971,-16.86248187693605,0
-11.192382906433155,-17.262368219779034,0
-12.97520267357607,-17.612317500713473,0
-14.739661634168879,-17.90383587822114,0
-16.478739252646726,-18.12842951078364,0
-18.185414993445526,-18.2776045568827,0
-19.85266832100115,-18.34286717500001,0
-21.474746141653185,-18.31861521513674,0
-23.050965129359675,-18.2108132933721,0
-24.58190939998215,-18.02831771730482,0
-26.068163069382813,-17.77998479453359,0
-27.510310253423842,-17.47467083265708,0
-28.908935067966805,-17.121232139274067,0
-30.264621628874075,-16.728525021983167,0
-31.577954052007247,-16.305405788383197,0
-32.84951645322866,-15.86073074607274,0
-34.079892948399944,-15.403356202650627,0
-35.26966765338324,-14.942138465715502,0
-36.419424684040706,-14.485933842866004,0
-37.52974815623397,-14.043598641700969,0
-38.60122218582535,-13.623989169818977,0
-39.6344308886765,-13.23596173481885,0
-40.62995838064954,-12.88837264429924,0
-41.58838877760661,-12.590078205858802,0
-42.5103061954094,-12.34993472709633,0
-43.396294749920145,-12.17679851561046,0
-44.24693855700057,-12.079525878999954,0
-45.0630900632587,-12.064094110817273,0
-45.84667503828616,-12.12496444843012,0
-46.59988758242018,-12.253719115159976,0
-47.32492179599841,-12.441940334328372,0
-48.0239717793581,-12.681210329256746,0
-48.69923163283678,-12.96311132326662,0
-49.35289545677198,-13.279225539679535,0
-49.98715735150098,-13.621135201816896,0
-50.60421141736138,-13.980422533000297,0
-51.20625175469044,-14.34866975655113,0
-51.795472463825725,-14.717459095790938,0
-52.37406764510472,-15.078372774041267,0
-52.944231398864716,-15.422993014623511,0
-53.50815782544332,-15.742902040859263,0
-54.06804102517781,-16.029682076069925,0
-54.62607509840579,-16.274915343577074,0
-55.18445414546455,-16.47018406670213,0
-55.745372266691604,-16.60707046876664,0
-56.31102356242447,-16.677156773092086,0
-56.88360213300042,-16.67202520299996,0
-57.46514323933754,-16.586148472499058,0
-58.057046784675464,-16.425561258347418,0
-58.66055383283451,-16.199188727990354,0
-59.27690544763503,-15.915956048873136,0
-59.9073426928971,-15.584788388441162,0
-60.55310663244118,-15.214610914139648,0
-61.215438330087316,-14.814348793414021,0
-61.89557884965586,-14.392927193709546,0
-62.594769254967176,-13.95927128247147,0
-63.314250609841324,-13.522306227145236,0
-64.05526397809875,-13.090957195176037,0
-64.81905042355952,-12.67414935400931,0
-65.606851010044,-12.280807871090309,0
-66.41990680137253,-11.919857913864297,0
-67.25945886136516,-11.600224649776695,0
-68.12674825384238,-11.330833246272732,0
-69.0230160426242,-11.120608870797792,0
-69.949503291531,-10.978476690797153,0
-70.90745106438317,-10.913361873716125,0
-71.8981004250007,-10.934189587000041,0
-72.92216246935935,-11.046784927354208,0
-73.97822842205512,-11.244572708523837,0
-75.06435953983971,-11.517877673514183,0
-76.1786170794648,-11.85702456533054,0
-77.3190622976816,-12.252338126978056,0
-78.48375645124199,-12.69414310146208,0
-79.67076079689713,-13.172764231787726,0
-80.87813659139874,-13.678526260960304,0
-82.10394509149852,-14.201753931985126,0
-83.34624755394766,-14.732771987867286,0
-84.60310523549805,-15.261905171612177,0
-85.87257939290085,-15.779478226224889,0
-87.15273128290795,-16.275815894710806,0
-88.44162216227053,-16.741242920075038,0
-89.73731328774029,-17.16608404532289,0
-91.03786591606895,-17.540664013459654,0
-92.3413413040077,-17.855307567490478,0
-93.64580070830841,-18.100339450420677,0
-94.94930538572224,-18.266084405255427,0
-96.24991659300092,-18.342867175000016,0
-97.54617895178085,-18.324188669613925,0
-98.83857054323656,-18.216254466873647,0
-100.1280528134281,-18.028446311509857,0
-101.41558720841468,-17.770145948253333,0
-102.7021351742561,-17.45073512183478,0
-103.98865815701218,-17.07959557698485,0
-105.27611760274216,-16.666109058434373,0
-106.56547495750604,-16.219657310913945,0
-107.85769166736304,-15.749622079154415,0
-109.153729178373,-15.265385107886441,0
-110.4545489365957,-14.776328141840667,0
-111.76111238809037,-14.29183292574795,0
-113.07438097891703,-13.821281204338879,0
-114.39531615513495,-13.374054722344303,0
-115.72487936280385,-12.95953522449487,0
-117.06403204798363,-12.58710445552125,0
-118.41373565673346,-12.266144160154262,0
-119.7749516351134,-12.00603608312454,0
-121.14864142918262,-11.816161969162877,0
-122.53576648500118,-11.705903562999938,0
-123.93668270352232,-11.681923896171366,0
-125.34932380527621,-11.740011147432368,0
-126.77101796568702,-11.873234782343099,0
-128.19909336017838,-12.074664266463657,0
-129.63087816417462,-12.33736906535423,0
-131.06370055309938,-12.654418644574873,0
-132.49488870237693,-13.018882469685755,0
-133.9217707874313,-13.423830006247073,0
-135.34167498368623,-13.862330719818841,0
-136.75192946656605,-14.327454075961318,0
-138.14986241149438,-14.812269540234505,0
-139.5328019938954,-15.309846578198599,0
-140.8980763891933,-15.813254655413804,0
-142.24301377281174,-16.315563237440113,0
-143.564942320175,-16.8098417898378,0
-144.86119020670677,-17.28915977816686,0
-146.1290856078312,-17.74658666798749,0
-147.36595669897252,-18.175191924859888,0
-148.56913165555432,-18.568045014344065,0
-149.73593865300094,-18.918215402000264,0
-150.86457919367714,-19.220383143774043,0
-151.95674808771244,-19.47567065715319,0
-153.01501347217732,-19.686810950010976,0
-154.0419434841419,-19.8565370302206,0
-155.0401062606769,-19.987581905655354,0
-156.0120699388524,-20.08267858418845,0
-156.96040265573893,-20.14456007369316,0
-157.8876725484071,-20.175959382042738,0
-158.7964477539269,-20.17960951711043,0
-159.68929640936912,-20.158243486769475,0
-160.5687866518038,-20.114594298893138,0
-161.4374866183016,-20.051394961354667,0
-162.29796444593285,-19.971378482027298,0
-163.15278827176786,-19.8772778687843,0
-164.0045262328772,-19.7718261294989,0
-164.85574646633106,-19.657756272044377,0
-165.7090171092,-19.537801304293954,0
-166.56690629855427,-19.414694234120905,0
-167.43198217146434,-19.29116806939847,0
-168.30681286500072,-19.16995581799988,0
-169.1934358020744,-19.05329292880957,0
-170.09176554895996,-18.9414246147565,0
-171.00118595777235,-18.834098529780842,0
-171.92108088062682,-18.731062327822727,0
-172.85083416963872,-18.632063662822286,0
-173.78982967692295,-18.53685018871969,0
-174.7374512545949,-18.445169559455056,0
-175.6930827547695,-18.356769428968562,0
-176.6561080295621,-18.271397451200333,0
-177.62591093108793,-18.1888012800905,0
-178.60187531146195,-18.108728569579238,0
-179.58338502279958,-18.030926973606658,0
-180.56982391721564,-17.955144146112936,0
-181.5605758468256,-17.881127741038203,0
-182.55502466374463,-17.80862541232259,0
-183.55255422008767,-17.737384813906267,0
-184.5525483679702,-17.667153599729357,0
-185.55439095950703,-17.597679423732018,0
-186.55746584681359,-17.528709939854394,0
